"Balance of Payments",""
"6.36. During the review period, the current account","impacted revenues from freight and passenger trans-"
"deficit worsened by 30.1 per cent to KSh 663.8 bil-","port services which also contributed to the growth"
"lion from KSh 510.1 billion in 2020 as summarised","in services receipts. The secondary income account"
"in Table 6.16. This was mainly on account of a 30.2","posted a surplus of KSh 670.8 billion in 2021 from"
"per cent increase in imports valued on f.o.b. basis","a surplus of KSh 527.1 billion in 2020, an increase"
"to KSh 1,993.9 billion supported by growth in import","of 27.3 per cent. This was mainly on account of re-"
"bill on petroleum products. Total exports improved","mittances which continued to be resilient, increasing"
"by 16.1 per cent to KSh 748.0 billion in 2021 from","by 24.9 per cent to KSh 413.3 billion in 2021, an"
"KSh 644.2 billion in 2020, on account of increased","indication of increased support from Kenyans in the"
"exports of horticultural products.","diaspora. The current account balance was 5.5 per"
"","cent of the GDP in 2021 compared to 4.8 per cent"
"6.37. International trade in services recorded a",""
"","of the GDP in 2020."
"surplus of KSh 92.8 billion in 2021 compared to a",""
"surplus of KSh 35.2 billion recorded in 2020. The","6.38. In 2021, net financial inflows more than doubled"
"significant growth was partly as a result of 60.6 per","to a surplus of KSh 684.6 billion from a surplus of"
"cent increase in travel receipts which reflected a","KSh 289.5 billion in 2020. During the period under"
"recovery as international travel continues to improve","review, nearly all the functional categories in the"
"following gradual easing of travel restrictions earlier","financial account recorded improved inflows with"
"imposed to contain the spread of COVID-19 pandem-","Other Investment registering a 74.1 per cent increase"
"ic. The continued recovery in international travel and","in net inflows to a surplus of KSh 641.5 billion in"
"increased demand for goods and services positively","2021, partly due to Special Drawing Rights (SDR)"
"","allocations and disbursements to Government. The"
"","country received KSh 81.4 billion in SDR allocations"
"","as relief towards addressing the crisis caused by"
"","the COVID-19 pandemic. Similarly, deposit taking"
"","corporations increased their uptake of loans and"
"International trade in services recorded a",""
"","reduced their holdings of foreign assets. Portfolio"
"surplus of KSh 92.8 billion in 2021 compared",""
"","inflows increased following the issuance of the fourth"
"to a surplus of KSh 35.2 billion recorded in",""
"","International Sovereign Bond by the Government in"
"2020. The significant growth was partly as","the second quarter of 2021. In the year under review,"
"a result of 60.6 per cent increase in travel","the country received the Debt Service Suspension"
"","Initiative (DSSI) relief, amounting to KSh 55.3 billion."
"receipts  which  reflected  a  recovery  as",""
"","The DSSI relief was in response to the COVID-19"
"international travel continues to improve",""
"","pandemic and was meant to free up resources to"
"following gradual easing of travel restrictions",""
"","support COVID-19 related expenditures. Reserve"
"earlier imposed to contain the spread of","assets increased by KSh 127.3 billion in 2021 mainly"
"COVID-19 pandemic","supported by increase in SDR holdings."
