"compared to a decline of 6.3 per cent in the previous","","","","2021 compared to a decline of 1.4 per cent in 2020.","",""
"Table 3.10:  Changes in Wage Employment, Prices, and Real Earnings, 2017 – 2021","","","","","",""
"","","","","","","Per cent"
"","","2017","2018","2019","2020","2021*"
"","Wage employment","4.1","2.4","2.4","-6.3","6.0"
"","Average earnings at current prices","0.9","3.3","4.9","1.7","2.9"
"","Consumer prices (Inflation rates)1","9.2","4.3","4.8","4.6","6.3"
"*","Real average earnings","-0.8","2.7","2.7","-1.4","-3.8"
