"Table 13.15: Grain Storage Capacity1 Available for Leasing by County as at 31st December, 2021","",""
"","","Number"
"County","90 Kg Bag","50 Kg Bag"
"Uasin Gishu","365,000","657,000"
"TransNzoia","100,000","180,000"
"West Pokot","120,000","216,000"
"Embu","50,000","90,000"
"Kitui","100,000","180,000"
"Laikipia","50,000","90,000"
"Baringo","70,000","126,000"
"Nakuru","210,000","378,000"
"Kisumu","50,000","90,000"
"Migori","25,000","45,000"
"Homa Bay","30,000","54,000"
"Bungoma","95,000","171,000"
"Kakamega","150,000","270,000"
"Kiambu","120,000","216,000"
"Makueni","50,000","90,000"
"Kajiado","50,000","90,000"
"Machakos","188,000","338,400"
"Taita Taveta","120,000","54,000"
"Tana River","25,000","45,000"
"Total","1,968,000","3,380,400"
