"8.13. Sales of forest products by Government are","cubic metres in 2021 from 44.1 thousand true cubic"
"presented in Table 8.8. Total sales of timber from","metres registered in 2020. Fuelwood/charcoal sales"
"Government forests declined from 80.0 thousand","increased to 10.5 thousand stacked cubic metres"
"true cubic metres in 2020 to 34.2 thousand true cubic","in 2021 from 4.1 thousand stacked cubic metres in"
"metres in 2021 as a result of the logging ban. The","2020, while there were no recorded sales of power"
"sale of softwood timber dropped to 7.9 thousand true","poles in the review period."
