"5.11. Table 5.8 presents National Government ex-","to KSh 110.2 billion and KSh 486.1 billion in 2021/22,"
"penditure classified by functions of government from","respectively. Public debt transactions in 2021/22 are"
"2018/19 to 2021/22. Total expenditure is expected to","estimated at KSh 1,094.0 billion, accounting for 32.4"
"grow by 2.5 per cent to KSh 3,373.8 billion with recur-","per cent of the total expenditure. Current transfers to"
"rent and development expenditures estimated at KSh","other levels of government inclusive of conditional"
"2,882.1 billion and KSh 491.7 billion, respectively in","grants to County Governments are estimated at KSh"
"2021/22. Outlays on health and education are esti-","409.9 billion, translating to 12.1 per cent of the total"
"mated to increase by 16.5 per cent and 2.9 per cent","expenditure during the review period."
