"Table 3.2: Wage Employment by Industry and Sector, 2017- 2021","","","","","",""
"","","","","","","‘000"
"","2017","2018","2019","2020","2021*","Percentage"
"","","","","","","change"
"PRIVATE SECTOR:","","","","","",""
"Agriculture, forestry and fishing","289.8","294.3","296.7","280.6","295.3","5.2"
"Mining and quarrying","14.4","14.6","15.2","13.7","14.0","2.2"
"Manufacturing","317.5","321.3","329.0","293.8","313.5","6.7"
"Electricity, gas, steam and air conditioning supply","5.1","5.2","5.3","5.0","5.1","2.0"
"Water supply; sewerage, waste management and","4.6","5.6","5.9","5.5","5.7","3.6"
"remediation activities","","","","","",""
"Construction","204.9","209.8","212.7","212.4","217.3","2.3"
"Wholesale and retail trade; repair of motor","249.3","258.9","267.7","249.7","256.3","2.6"
"vehicles and motorcycles","","","","","",""
"Transportation and storage","68.9","71.0","73.9","58.0","64.2","10.7"
"Accommodation and food service activities","78.2","79.9","81.2","49.8","61.7","23.9"
"Information and communication","122.4","129.3","130.4","117.2","132.1","12.7"
"Financial and insurance activities","63.5","64.0","65.9","66.5","66.8","0.5"
"Real estate activities","4.2","4.3","4.4","3.7","4.1","10.8"
"Professional, scientific and technical activities","60.4","62.4","64.3","57.0","63.2","10.9"
"Administrative and support service activities","5.8","6.1","6.4","4.8","5.8","20.8"
"Public administration and defence; compulsory","-","-","-","-","-","-"
"social security","","","","","",""
"Education","212.1","223.9","228.7","181.1","210.6","16.3"
"Human health and social work activities","102.2","108.0","114.6","103.6","106.7","3.0"
"Arts, entertainment and recreation","4.8","5.0","5.1","4.4","5.1","15.9"
"Other service activities","34.7","36.3","38.0","32.8","37.4","14.0"
"Activities of households as employers;","115.4","115.8","116.4","117.0","117.9","0.8"
"undifferentiated goods- and services-producing","","","","","",""
"activities of households for own use","","","","","",""
"Activities of extraterritorial organizations and","1.3","1.3","1.4","1.4","1.4","-"
"bodies","","","","","",""
"TOTAL   PRIVATE SECTOR","1,959.5","2,017.0","2,063.2","1,858.0","1,984.2","6.8"
