"Employment in the Modern Sector",""
"3.4. Details of wage employment in the modern sec-","ing and Wholesale and retail trade: repair of motor"
"tor by industry and sector are presented in Table","vehicle accounting for 15.8, 14.9 and 12.9 per cent"
"3.2. Total wage employment in this sector of the","of the total private sector employment, respectively."
"economy increased by 6.0 per cent from 2,742.6","There was a turnaround in Accommodation and Food"
"thousand jobs in 2020 to 2,907.3 thousand jobs in","Services which recorded a significant growth of 23.9"
"2021. This was supported by a partial resumption","per cent compared to a decline of 38.7 per cent"
"of international travel, and a broad-based recovery","registered in 2020. This was followed by Administra-"
"in the manufacturing sector.","tive and Support Service Activities, Education and,"
"","Arts and Entertainment at 20.8, 16.3 and 15.9 per"
"3.5. Private sector: The share of private sector",""
"","cent, respectively. Employment in Accommodation"
"employment was 68.3 per cent in 2021, which was",""
"","and Food Activities industry has been on a recovery"
"slightly higher than the previous year which stood at",""
"","mode from the drastic decline at the height of the"
"67.8 per cent. In 2021, the private sector recorded",""
"","COVID-19 pandemic. The easing of the pandemic"
"a growth of 6.8 per cent in employment levels com-",""
"","restrictions impacted positively on the employment"
"pared to a decline of 10.0 per cent registered in 2020.",""
"","in the industry as well as the bed occupancy rate,"
"","hence increasing employment in the sector."
"3.6. During the review period, the top three industries",""
"providing wage employment in the private sector",""
"","3.7. Public sector: Employment in the public sector"
"were Manufacturing, Agriculture, Forestry and Fish-",""
"","increased by 4.3 per cent to 923.1 thousand persons"
