"Table 3.2: Wage Employment by Industry and Sector, 2017- 2021 (Continued)","","","","","",""
"","","","","","","Percentage"
"","2017","2018","2019","2020","2021*",""
"","","","","","","change"
"PUBLIC  SECTOR:","","","","","",""
"Agriculture, forestry and fishing ..","42.3","42.3","41.9","41.7","41.9","0.4"
"Mining and quarrying","0.6","0.6","0.7","0.7","0.7","-"
"Manufacturing","26.2","26.3","24.1","23.0","23.3","1.3"
"Electricity, gas, steam and air conditioning supply","17.9","18.0","18.5","17.5","17.0","(2.9)"
"Water supply; sewerage, waste management and","9.3","9.4","9.5","9.1","9.4","3.3"
"remediation activities","","","","","",""
"Construction","8.5","8.6","8.8","9.1","9.2","1.1"
"Wholesale and retail trade; repair of motor","1.5","2.0","2.0","2.2","2.2","-"
"vehicles and motorcycles","","","","","",""
"Transportation and storage","19.3","19.9","18.8","19.1","19.9","4.2"
"Accommodation and food service activities","1.6","1.6","1.7","1.7","1.7","-"
"Information and communication","1.9","1.9","1.9","1.9","1.9","-"
"Financial and insurance activities","11.3","11.9","12.0","11.1","11.0","(0.9)"
"Real estate activities","-","-","-","-","-","-"
"Professional, scientific and technical activities","6.2","6.4","6.5","6.7","6.7","-"
"Administrative and support service activities","-","-","-","-","-","-"
"Public administration and defence; compulsory","294.1","296.5","304.6","311.3","329.8","5.9"
"social security","","","","","",""
"Education","349.6","354.9","369.1","381.9","398.6","4.4"
"Human health and social work activities","40.6","40.2","42.8","45.2","47.4","4.9"
"Arts, entertainment and recreation","2.3","2.2","2.3","2.4","2.4","-"
