"Primary Education",""
"15.9 Table 15.4 shows primary school enrolment by","89.8 per cent, while that of girls was 90.8 per cent."
"class and sex from 2017 to2021. Total enrolment","Enrolment of pupils in Standard 8 increased by1.1"
"in primary schools increased by 1.1 per cent from","per cent to 1,177.0 thousand in 2021 from 1,163.8"
"10,170.1 thousand in 2020 to 10,285.1 thousand in","thousand in 2020."
"2021 school year. Enrolment of girls increased by 1.3",""
"per cent to 5,041.7 thousand in 2021,while that of",""
"boysrose by 1.0 per cent to 5,243.5 thousand over",""
"the same period. The enrolment of grade 1 in 2017",""
"","Total enrolment in primary schools increased"
"was1,370.3 thousand and those who survived to",""
"grade 5 in 2021 were 1,268.2 thousand. Therefore,","by 1.1 per cent from 10,170.1 thousand in"
"the survival rate of learners in this cohort was 92.5","2020 to 10,285.1 thousand in 2021 school"
"per cent, with the survival rate of boys at 92.0 per",""
"","year. Enrolment of girls increased by 1.3"
"cent while that of girls stood at 93.1 per cent, in",""
"","per cent to 5,041.7 thousand in 2021,while"
"2021.In the same period, total pupil promotion from",""
"","that of boysrose by 1.0 per cent to 5,243.5"
"Standard 7 to Standard 8 stood at 90.3 per cent.",""
"Promotion of boys from Grade 1 to Grade 5 was","thousand over the same period"
