"15.13.Table 15.7 presents the number of teachers","period, the number of certificate teachers increased"
"in public primary schools by qualification or category","by 3.5 per cent to 184,312, and accounted for 83.5"
"and sex, from 2017 to 2021. The total number of","per cent of all the public primary school teachers."
"teachers increased by 1.2 per cent from 218,077 in","The number of teachers with Bachelor degree and"
"2020 to 220,744 in 2021. Number of female teach-","diploma decreased by 2.7 per cent and 14.5 per cent"
"ers rose by 2.0 per cent compared to an increase","to 17,448, and 18,495 in 2021, respectively."
"of 0.4 per cent for male teachers. During the review",""
