"2.24. The relationship between the GDP and Gross","world increased from KSh 5.6 billion in 2020 to KSh"
"National Income (GNI) for the period 2017 to 2021 is","6.8 billion in the year under review. Current transfers"
"shown in Tables 2.13 and 2.14. The GNI valued at","receivable from the rest of the world expanded by"
"current prices grew by 12.9per cent to stand at KSh","28.3 per cent to stand at KSh 687.0 billion in 2021."
"12,098.2 billion in 2021 from KSh 10,716.0 billion in","Gross National Disposable Income increased from"
"2020. Gross domestic product per capita increased","KSh 11,058.4 billion in 2020 to KSh 12,588.2 billion"
"from KSh 220,132.2 in 2020 to KSh 245,145.3 in","in 2021."
"2021. Primary incomes receivable from the rest of the",""
