"Road Maintenance Funds",""
"13.8. Road maintenance funds collected by the Ken-","the Fuel Levy Fund is expected to decline by 38.5"
"ya Roads Board (KRB) from 2017/18 to 2021/22 is","per cent from KSh 87.1 billion in 2020/21 to KSh"
"presented in Table 13.2. Actual road maintenance","53.5 billion in 2021/22. Additionally, the transit toll"
"funds collected increased from KSh 61.8 billion in","collection is projected to slightly drop from KSh 550"
"2019/20 to KSh 87.6 billion in 2020/21 and is project-","million in 2020/21 to KSh 539 million in 2021/22."
"ed to decline to KSh 54.1 billion in 2021/22. Similarly,",""
"Table 13.2: Road Maintenance Funds by Source, 2017/18 -2021/22",""
"","KSh Million"
