"of the overall growth. Other sectors that contribut-","","contracted by 0.4 per cent in the period under review.","","",""
"Table 2.5: Sources of Growth, 2017-2021","","","","",""
"","","","","","Percentage Changes"
"Industry","2017","2018","2019+","2020+","2021*"
"Agriculture, forestry and fishing","-6.7","19.3","10.1","-345.2","-0.4"
"Growing of crops","-3.8","15.2","8.0","-302.9","-2.8"
"Animal production","-7.2","2.9","1.3","-46.7","1.9"
"Support activities to agriculture","0.7","0.6","0.3","-2.8","0.6"
"Forestry & logging","1.1","-0.2","0.0","8.8","-0.4"
"Fishing & aquaculture","2.5","0.8","0.4","-1.6","0.2"
"Mining and quarrying","0.9","-0.9","0.8","-20.8","2.4"
"Manufacturing","1.7","5.7","4.6","14.5","8.0"
"Manufacture of food, beverages and tobacco","2.0","4.9","2.8","32.2","3.5"
"Other manufacturing and repair and installation","-0.3","0.8","1.8","-17.7","4.4"
"Electricity supply","2.7","1.4","0.7","2.9","1.1"
"Water supply; sewerage, waste management","-0.6","0.3","0.2","-9.2","0.6"
"Construction","8.4","5.7","7.4","-216.6","5.2"
"Wholesale and retail trade; repairs","9.2","8.7","8.6","15.4","8.7"
"Transportation and storage","9.4","10.8","12.6","323.3","9.2"
"Land transport","12.9","7.5","10.0","95.8","6.9"
"Air transport including support services","-4.6","1.0","0.6","191.4","1.0"
"All other transport including postal and courier","1.1","2.2","2.0","36.1","1.3"
"activities","","","","",""
"Accommodation and food services","2.3","2.7","3.0","221.3","4.2"
"Information and communication","5.7","4.0","3.9","-74.1","3.7"
"Telecommunications","5.5","3.1","3.2","-101.6","2.9"
"Publishing, broadcasting, other IT and information","0.2","0.9","0.7","27.5","0.7"
"activities","","","","",""
"Financial and insurance activities","8.3","3.8","11.9","-184.8","13.8"
"Financial activities","6.2","0.9","9.0","-107.4","6.9"
"Insurance activities","2.0","2.9","3.0","-77.4","6.8"
"Real estate","16.3","11.1","12.6","-159.7","9.1"
"Professional, scientific and technical activities","1.9","1.9","2.6","90.1","1.3"
"Administrative and support service activities","0.4","1.7","1.4","74.6","0.7"
"Public administration and defence","5.5","7.5","9.0","-158.2","4.5"
