"Unit Prices of Principal Domestic Exports",""
"6.19. Table 6.9 highlights the unit prices of principal","rose from KSh 214,712.9 in 2020 to KSh 267,324.6"
"domestic exports for the period 2017 to 2021. Over","in 2021, representing 24.5 per cent increase."
"the review period, export prices of metal scrap; and",""
"","6.20. One tonne of exported maize fetched KSh"
"iron and steel rose by 35.5 per cent and 38.4 per cent",""
"","125,366.5 in 2021 from KSh 172,836.7 in 2020. The"
"to exchange at KSh 335,075.4 per tonne and KSh",""
"","export prices of wood manufactures declined by 35.3"
"136,338.8 per tonne, respectively. Similarly, export",""
"","per cent in 2021 to KSh 208,436.9 per tonne."
"prices of one tonne of manufactures of base metals",""
