"Table 15.3: Pupil Enrolment and Number of Teachers in Pre-primary Schools, 2017 – 2021","","","","",""
"","","","","","Number"
"","2017","2018","2019","2020","2021*"
"Enrolment","","","","",""
"Boys1","1,681,530","1,730,237","","",""
"Girls1","1,612,283","1,660,308","","",""
"TOTAL","3,293,813","3,390,545","","",""
"Boys 2 Pre-Primary 1 and 2","","..","1,393,719","1,436,924","1,422,247"
"Girls 2 Pre-Primary 1 and 2","","..","1,344,868","1,395,973","1,423,018"
"TOTAL","","","2,738,587","2,832,897","2,845,265"
"Trained Teachers","","","","",""
"Male","17,746","18,703","","",""
"Female","89,192","94,000","","",""
"Sub Total","106,938","112,703","","",""
"Trained Teachers 3","","","","",""
"Male","..","..","14,634","15,584","11,225"
"Female","..","..","77,725","79,657","57,374"
"Sub Total","","","92,359","95,241","68,599"
"Untrained Teachers","","","","",""
"Male","2,445","2,294","..","..",".."
"Female","8,893","8,158","..","..",".."
"Sub Total","11,338","10,452","","",""
"TOTAL","118,276","123,155","92,359","95,241","68,599"
"Source: Ministry of Education/ Council of Governors","","","","",""
"* Provisional","","","","",""
".. data not available","","","","",""
"","1 Comprises number of pupils enrolled in baby class, middle class and pre-unit under  8.4.4 System","","","",""
"","2Comprises of number pupils enroled in pre-primary 1 and 2 under Competency Based Curriculum","","","",""
"3Number of teachers under Competency Based Curriculum","","","","",""
