"11.14. During the year under review, the length of","and 7.5 thousand kilometres, respectively as at 30th"
"paved International Trunk roads increased to 5.4","June 2021. The length of paved secondary roads"
"thousand kilometres, an increase of 1.9 per cent","expanded by 16.9 per cent to 1,432 kilometres from"
"from 5.3 thousand kilometres recorded in 2020. The","1,225 kilometres in 2020. The total length of roads"
"length of National Trunk roads and Primary roads","under bitumen increased to 21.8 thousand kilometres"
"under bitumen increased to 5.6 thousand kilometres","as at 30th June 2021."
