"MNP","Mobile Numbers Ported"
"MOH","Ministry of Health"
"MOTIHUDPW  Ministry of Transport and Infrastructure, Housing, Urban Development and Public Works",""
"MT","Metric Tonnes"
"MTP","Medium Term Plan"
"MTP III","Third Medium Term Plan"
"MVNOs","Mobile Virtual Network Operators"
"MW","Mega Watts"
"n.e.c","not elsewhere classified"
"n.e.s","not elsewhere specified"
"NACOSTI","National Commission for Science, Technology and Innovation"
"NBK","National Bank of Kenya"
"NCC","Nairobi City County"
"NCPB","National Cereals and Produce Board"
"NCR","Nairobi Commuter Rail"
"NDE","New Digital Economy"
"NDMA","National Drought Management Authority"
"NEMA","National Environment Management Authority"
"NEMIS","National Education Management Information System"
"NFA","Net Foreign Assets"
"NGAAF","National Government Affirmative Action Fund"
"NGO","Non-Governmental Organization"
"NHC","National Housing Corporation"
"NHIF","National Hospital Insurance Fund"
"NIA","National Irrigation Authority"
"NIB","National Irrigation Board"
"NIC","National Industrial Credit"
"NPR","Not Previously Registered"
"NPS","National Police Service"
"NSE","Nairobi Securities Exchange"
"NSS","National Statistical System"
"NSSF","National Social Security Fund"
"NTSA","National Transport and Safety Authority"
"NWCPC","National Water Corporation and Pipeline Corporation"
"NYS","National Youth Service"
"ODPP","Office of the Director of Public Prosecutions"
"OECD","Organization of Economic Cooperation and Development"
"OL","Overall liquidity"
"OND","October-November-December"
"OP","Older Persons"
"OPCT","Older Persons Cash Transfer"
"OPEC","Organization of Petroleum Exporting Countries"
"OVC","Orphans and Vulnerable Children"
"PAYE","Pay As You Earn"
"PCK","Postal Corporation of Kenya"
"PCR","Pupil Completion Rate"
