"Table 3.8:  Wage Employment and Average Earnings1, percentage changes, 2021/2016 and 2021/2020","","","",""
"","EMPLOYMENT","","AVERAGE EARNINGS",""
"","2021/2016*","2021/2020*","2021/2016*","2021/2020*"
"PRIVATE SECTOR:","","","",""
"Agriculture, forestry and fishing","0.3","5.2","37.8","0.3"
"Mining and quarrying","-3.4","2.2","47.0","2.5"
"Manufacturing","-0.5","6.7","44.4","2.2"
"Electricity, gas, steam and air conditioning supply","13.3","2.0","41.9","1.2"
"Water supply; sewerage, waste management and remediation","23.9","3.6","40.2","1.5"
"activities","","","",""
"Construction","9.1","2.3","25.8","0.8"
"Wholesale and retail trade; repair of motor vehicles and motorcycles","7.5","2.6","44.5","2.0"
"Transportation and storage","-5.3","10.7","27.6","1.2"
"Accommodation and food service activities","-18.7","23.9","13.2","4.6"
"Information and communication","14.7","12.7","35.4","2.1"
"Financial and insurance activities","2.8","0.5","24.1","1.4"
"Real estate activities","0.0","10.8","23.2","1.2"
"Professional, scientific and technical activities","8.4","10.9","40.5","2.1"
"Administrative and support service activities","7.4","20.8","24.4","2.7"
"Public administration and defence; compulsory social security","-","-","-","-"
"Education","7.0","16.3","12.7","3.1"
"Human health and social work activities","11.5","3.0","40.9","2.3"
"Arts, entertainment and recreation","10.9","15.9","31.0","1.5"
"Other service activities","12.7","14.0","48.5","2.5"
"Activities of households as employers; undifferentiated goods- and","3.1","0.8","38.5","2.3"
"services-producing activities of households for own use","","","",""
"Activities of extraterritorial organizations and bodies","16.7","0.0","25.5","1.5"
"TOTAL   PRIVATE SECTOR","4.0","6.8","33.7","2.2"
