"7.8. The performance of marketed agricultural out-","ed agricultural produce at 73.1 per cent. The value"
"puts for large and small farms is shown in Table","of sales for small farms increased by 3.1 per cent"
"7.5. Overall, the value of recorded sale of produce","from KSh 373.6 billion in 2020 to KSh 385.3 billion in"
"from large and small farms increased by 3.4 per","2021. Similarly, the value of sales from large farms"
"cent to KSh 527.0 billion in 2021. The smallholder","increased by 4.2 per cent from KSh 136.1 billion in"
"sector remains the main contributor to total market-","2020 to KSh 141.8 billion in 2021."
