"5.12. Table 5.9 presents the National Government","per cent of the total expenditure. Total current grants"
"expenditure by economic classification from 2017/18","are also expected to decrease from KSh 749.8 billion"
"to 2021/22. Total expenditure less disposal of non-","in 2020/21 to KSh 747.8 billion in 2021/22. Over the"
"financial assets is expected to increase by 2.1 per","reporting period, expenditure on interest payments"
"cent to KSh 3,328.9 billion in 2021/22. The total","is estimated to increase by 10.7 per cent from KSh"
"consumption expenditure on goods and services","495.1 billion to KSh 548.0 billion. The net expenditure"
"which constitutes the compensation of employee’s","on the acquisition of non-financial assets is estimated"
"and use of goods and services is expected to grow","to increase marginally to KSh 93.1 billion in 2021/22."
"from KSh 824.9 billion in 2020/21 to KSh 825.1 billion","During the same period, public corporations and"
"in 2021/22. The total expense category is expected","extra-budgetary units are expected to receive KSh"
"to increase by 1.4 per cent from KSh 2,634.6 billion","358.0 billion as capital transfers."
"to KSh 2,672.0 billion in 2021/22, accounting for 80.3",""
