"by 3.9 per cent from 4,317.5 thousand in 2020 to","traffic accidents increased by 14.5 per cent from"
"4,486.3 thousand cubic metres in 2021.","8,919 in 2020 to 10,210 in 2021."
"13.5. Passenger traffic from all airports grew by 46.7",""
"","Value of Output"
"per cent to 6.6 million in 2021 from 4.5 million in",""
"","13.7 The value of output in the Transportation and"
"2020. The number of domestic air passengers han-",""
"","Storage sector is presented in Table 13.1. The sec-"
"dled rose by 65.5 per cent to 3.8 million passengers",""
"","tor recorded a 16.7 per cent increase in the value"
"while the number of international passengers handled",""
"","of total output from KSh 1,965.2 billion in 2020 to"
"at Kenyan airports increased by 28.9 per cent to 2.7",""
"","KSh 2,293.3 billion in 2021. The value of output in"
"million in 2021.",""
"","the Road transport sub-sector rose by 16.1 per cent"
"","to 1,785.4 billion and accounted for 77.9 per cent of"
"13.6. The number of newly registered motor vehicles",""
"","the value of total output, in 2021. The value of output"
"rose by 14.2 per cent from 94,128 units in 2020 to",""
"","from services incidental to transport and air trans-"
"107,499 units in 2021. Similarly, the number of newly",""
"","port increased by 23.8 per cent and 21.0 per cent"
"registered motorcycles and three wheelers went",""
"","respectively, during the period under review.  The"
"up by 15.4 per cent from 252,601 units in 2020 to",""
"","value of output from the railway sub-sector grew by"
"291,553 units in 2021. Actual funds for road mainte-",""
"","31.0 per cent from KSh 12.6 billion in 2020 to KSh"
"nance increased to KSh 87.6 billion in 2020/21 from",""
"","16.5 billion in 2021."
"KSh 61.8 billion in 2019/20. The number of reported",""
