"from 82,261 in 2020 to 21,680 in 2021. Contributions","recruited by the National Youth Service declined"
"and benefits paid by this scheme also dropped by","by 6.8 per cent to 7,500 in 2021, with the number"
"3.9 per cent and 23.0 per cent to KSh 14.2 billion","of servicewomen and servicemen being 5,595 and"
"and KSh 3.4 billion in 2021, respectively.","1,905, respectively. Overall representation of Mem-"
"","bers of County Assemblies met the two-thirds gender"
"Total  contributions  towards  retirement  benefits",""
"","rule in 2021, despite thirteen counties falling short"
"schemes increased by 13.8 per cent to KSh 123.1",""
"","of the constitutional requirement. Similarly, Judicial"
"billion in 2021. Similarly, benefits paid out to members",""
"","officers achieved the two-third gender rule during the"
"of pension schemes increased by 13.1 per cent to",""
"","review period. In contrast, the National Assembly and"
"KSh 100.9 billion during the period under review.",""
"","the Senate failed to achieve the two-thirds gender"
"","requirement."
"The total number of servicewomen and servicemen",""
