"1Voltage losses in power transmission lines",""
"3Total supply equals Total generation",""
"-- Missing data",""
"9.22. Table 9.9 presents average electricity yield by","by 12.3 per cent to KSh 16.37 per unit during the"
"customer category for the period 2016/17 to 2020/21.","same period. Similarly, the average electricity yield"
"The average yield, measured by KSh per unit of elec-","for exports category increased significantly by 23.3"
"tricity sold, for domestic and street lighting categories","per cent to KSh 14.34 while that of small commercial"
"decreased by 6.2 per cent and 2.7 per cent to KSh","category decreased by 3.3 per cent to KSh 19.58"
"16.43 and KSh 9.83, respectively. Average electricity","in 2020/21."
"yield for commercial industrial category increased",""
