"","EMPLOYMENT","","AVERAGE EARNINGS",""
"","2021/2016*","2021/2020*","2021/2016*","2021/2020*"
"PUBLIC  SECTOR:","","","",""
"Agriculture, forestry and fishing","-0.8","0.4","23.8","0.7"
"Mining and quarrying","16.7","0.0","31.4","0.6"
"Manufacturing","-12.1","1.3","18.1","-0.7"
"Electricity, gas, steam and air conditioning supply","4.3","-2.9","13.6","0.7"
"Water supply; sewerage, waste management and remediation","19.0","3.3","3.4","0.0"
"activities","","","",""
"Construction","15.0","1.1","22.6","1.1"
"Wholesale and retail trade; repair of motor vehicles and motorcycles","69.2","0.0","-11.4","0.9"
"Transportation and storage","10.6","4.2","31.9","4.0"
"Accommodation and food service activities","13.3","0.0","69.3","1.3"
"Information and communication","0.0","0.0","22.7","0.7"
"Financial and insurance activities","-2.7","-0.9","18.3","-11.9"
"Real estate activities","-","-","-","-"
"Professional, scientific and technical activities","13.6","0.0","80.8","1.2"
"Administrative and support service activities","-","-","0.0","0.0"
"Public administration and defence; compulsory social security","33.2","5.9","29.8","4.9"
"Education","14.1","4.4","20.9","1.9"
"Human health and social work activities","39.8","4.9","63.7","6.3"
"Arts, entertainment and recreation","0.0","0.0","19.1","0.6"
"Other service activities","-","-","-","-"
"Activities of households as employers; undifferentiated goods- and","-","-","-","-"
"services-producing activities of households for own use","","","",""
"Activities of extraterritorial organizations and bodies","-","-","-","-"
"TOTAL  PUBLIC SECTOR","19.2","4.3","22.0","2.4"
"TOTAL  PRIVATE AND PUBLIC  SECTOR","2.4","6.0","31.6","2.3"
"MEMORANDUM ITEMS IN PUBLIC SECTOR:","","","",""
"Ministries and other extra-budgetary institutions","22.8","7.1","40.0","0.5"
"Teachers Service Commission","17.5","5.7","27.2","1.8"
"Parastatal Bodies2","2.4","1.0","9.4","0.9"
"Corporations Controlled by the Government3","4.6","1.0","9.4","0.9"
"County governments","32.3","1.7","17.8","7.6"
"TOTAL PUBLIC SECTOR","19.1","4.3","22.0","2.4"
"* Provisional.","","","",""
"1 Annualised June earnings","","","",""
"2 Refers to Government wholly-owned corporations.","","","",""
"","3 Refers to institutions where the Government has over 50 per cent shareholding but does not fully own them.","","",""
