"Table 2.2: Gross Domestic Product by Activity, 2017-2021","","","","",""
"","","Percentage Contribution to nominal GDP","","",""
"Industry","2017","2018","2019+","2020+","2021*"
"Agriculture, forestry and fishing","20.9","20.3","20.9","22.6","22.4"
"Growing of crops","15.2","14.5","15.1","16.6","16.3"
"Animal production","3.7","3.7","3.5","3.6","3.6"
"Support activities to agriculture","0.2","0.2","0.2","0.2","0.3"
"Forestry & logging","1.2","1.3","1.5","1.6","1.7"
"Fishing & aquaculture","0.5","0.5","0.6","0.6","0.7"
"Mining and quarrying","0.8","0.7","0.7","0.7","0.8"
"Manufacturing","8.7","8.4","7.9","7.6","7.2"
"Manufacture of food, beverages and tobacco","5.0","4.8","4.6","4.4","4.1"
"Other manufacturing and repair and installation","3.7","3.6","3.3","3.2","3.1"
"Electricity supply","1.8","1.7","1.6","1.5","1.5"
"Water supply; sewerage, waste management","0.7","0.6","0.6","0.6","0.5"
"Construction","5.4","5.8","6.2","7.0","7.0"
"Wholesale and retail trade; repairs","8.4","8.2","8.2","8.1","7.9"
"Transportation and storage","10.2","11.3","11.7","10.7","11.4"
"Land transport","8.2","9.2","9.6","9.2","9.9"
"Air transport including support services","0.9","0.9","0.9","0.4","0.5"
"All other transport including postal and courier activities","1.2","1.2","1.2","1.1","1.0"
"Accommodation and food service activities","1.0","1.1","1.2","0.7","1.0"
"Information and communication","2.6","2.6","2.5","2.6","2.4"
"Telecommunications","1.7","1.7","1.7","1.8","1.7"
"Publishing, broadcasting, other IT and information activities…","0.9","0.9","0.8","0.8","0.7"
"Financial and insurance activities","7.5","6.7","6.5","6.8","7.1"
"Financial activities","6.0","5.1","5.0","5.1","5.1"
"Insurance activities","1.5","1.5","1.5","1.7","2.0"
"Real estate","9.3","9.4","9.2","9.3","8.9"
"Professional, scientific and technical activities","1.8","1.8","1.7","1.5","1.4"
"Administrative and support service activities","1.0","1.0","1.1","0.9","0.9"
"Public administration and defence","5.2","5.3","5.3","5.5","5.2"
"Education","4.3","4.3","4.2","3.9","4.3"
"Primary education","2.2","2.2","2.1","2.0","2.1"
"General secondary education","1.2","1.2","1.2","1.0","1.2"
"Higher and other education","1.0","0.9","0.9","0.9","1.0"
"Human health and social work activities","2.1","2.0","1.9","2.0","1.9"
"Arts, entertainment and recreation","0.3","0.3","0.3","0.2","0.2"
"Other service activities","1.4","1.5","1.4","1.2","1.2"
"Activities of households as employers;","0.7","0.7","0.7","0.7","0.6"
"Financial Intermediation Services Indirectly Measured (FISIM)","-2.8","-2.3","-2.2","-2.0","-2.0"
"All economic activities","91.4","91.3","91.5","91.9","91.8"
"Taxes on products","8.6","8.7","8.5","8.1","8.2"
"GDP at market prices","100.0","100.0","100.0","100.0","100.0"
"* Provisional","","","","",""
"+ Revised","","","","",""
