"and remittances that suppressed foreign exchange","Current account balance as a percentage of GDP"
"receipts.","widened from a deficit of 4.6 per cent in 2020 to a"
"","6.1 per cent deficit in 2021.  Inflation rose to 2.9 per"
"1.19. Tanzania’s real GDP grew by 4.0 per cent in",""
"","cent in the review period compared to 2.2 per cent"
"2021 compared to a 4.8 per cent growth in 2020.",""
"","recorded in 2020, reflecting an increase in food and"
"Rwanda’s economy grew by 5.1 per cent in 2021",""
"","transport prices. Cote d’Ivoire, the largest economy"
"compared to a 3.4 per cent contraction recorded in",""
"","in the region, reported real GDP growth of 6.0 per"
"2020. Uganda’s economy rebounded from a contrac-",""
"","cent in 2021 compared to a growth of 2.0 per cent"
"tion of 0.8 per cent in 2020 to a growth of 4.7 per cent",""
"","in 2020. The growth was supported by an increase"
"in 2021, largely supported by increased household",""
"","in agricultural production, petroleum products, public"
"demand and an increase in exports. Uganda’s current",""
"","investment and improved domestic demand."
"account balance as a percentage of GDP narrowed",""
"to an 8.9 per cent deficit in 2021 from a deficit of 9.6",""
"","Economic and Monetary Union of Central"
"per cent recorded in 2020. Inflation in Uganda stood",""
"","Africa"
"at 2.2 per cent during the review period compared",""
"","1.22. Real GDP of the Economic and Monetary Union"
"to 2.8 per cent in 2020.",""
"","of Central Africa (CEMAC) was estimated to have"
"","grown by 2.6 per cent during the review period com-"
"Southern African Development Community",""
"","pared to a contraction of 2.5 per cent in 2020, mainly"
"1.20. Southern African Development Community",""
"","due to the recovery in global trade. Current account"
"(SADC) is estimated to have grown by 3.9 per cent",""
"","balance as a percentage of GDP narrowed to a deficit"
"in 2021 compared to a contraction of 4.3 per cent in",""
"","of 1.7 per cent in 2021 compared to a 4.6 per cent"
"2020. The rebound was mainly attributed to strength-",""
"","deficit in 2020, largely attributed to an increase in"
"ened domestic demand as the COVID-19 pandemic",""
"","exports of non-energy commodities. Inflation eased"
"receded and commodity prices rose due to the global",""
"","to 2.1 per cent in the review period compared to 2.7"
"reopening of economies. Inflation eased to 9.3 per",""
"","per cent reported in 2020, which is below the 3.0 per"
"cent in 2021 from 11.0 per cent recorded in 2020 due",""
"","cent set regional standard."
"to accommodative monetary policies. The current",""
"account balance as a percentage of GDP improved to",""
"a surplus of 0.7 per cent in 2021 compared to a defi-",""
"cit of 0.1 per cent in 2020, mainly due to increased",""
"exports, especially gold and agricultural products.",""
"West African Economic and Monetary Union","Real GDP of the Economic and Monetary"
"1.21.  Real  GDP  of  West African  Economic  and",""
"","Union of Central Africa (CEMAC) was"
"Monetary Union (WAEMU) was estimated to have",""
"","estimated to have grown by 2.6 per cent"
"expanded by 5.5 per cent in 2021 compared to a",""
"","during the review period compared to"
"growth of 1.8 per cent in 2020. The growth was",""
"mainly attributed to the recovery of the service sec-","a contraction of 2.5 per cent in 2020,"
"tor coupled with an increase in public investment.","mainly due to the recovery in global trade"
