"Teachers in Public Secondary Schools and Teachers Training Colleges",""
"15.17.Table 15.11 shows the total number of teachers in public sec-","1,653, while those with Bachelors Degree grew by 7.5 per cent"
"ondary schools and Teacher Training Colleges from 2017 to 2021.","to 116,200 in 2021. Teachers with Bachelors Degree accounted"
"The total number of teachersincreased by 6.3 percent to120,279","for the largest share  of public secondary and Teacher Training"
"in 2021 with that of female and male teachers rising by 7.4 per","Colleges teachers at 96.6 per cent. The number of teachers with"
"centand 5.5 per cent, respectively. In 2021, male teachersac-","diploma declined from 3,310 in 2020 to 2,412 in 2021, which was"
"counted for 58.0 per cent of the total number of public secondary","partly attributed to upgrading of teachers to Bachelors Degree"
"school and teacher training colleges teachers.Number of teachers","level, and natural attrition."
"with Doctorate and Masters Degree declined by 4.2 per cent to",""
