"5.5. Table 5.2 presents analysis of the key fiscal","as a percentage of total expenditure is expected"
"ratios from 2017/18 to 2021/22. Gross operating","to improve from negative 27.6 per cent to negative"
"balance as a percentage of revenue is estimated at","17.9 per cent. Revenue as a percentage of Gross"
"negative 27.2 per cent from negative 45.2 per cent","Domestic Product (GDP) at current market prices"
"in 2020/21. Net lending/borrowing as a percentage","is expected to increase to 17.4 per cent while total"
"of revenue is estimated to improve from a deficit of","government expenditure as a percentage of GDP"
"40.0 per cent to a deficit of 22.8 per cent in 2021/22.","at current market prices is expected to decrease to"
"Over the same period, net lending/borrowing position","27.9 per cent."
