"Table 6.10: Unit Prices of Principal Imports, 2017-2021","","","","","",""
"","","","","","","KSh/Unit"
"Commodity","Unit","2017","2018","2019","2020","2021*"
"Wheat, unmilled","Tonne","22,857.8","24,701.3","25,688.0","25,994.8","33,019.0"
"Rice","Tonne","42,841.2","42,696.2","41,180.7","43,520.2","49,370.4"
"Maize, unmilled","Tonne","30,320.7","22,676.3","27,525.0","27,279.6","28,260.1"
"Wheat flour","Tonne","44,312.8","36,348.7","44,400.6","43,230.2","58,014.3"
"Sugars, mollases and honey","Tonne","54,956.6","55,012.7","53,027.7","55,843.5","61,554.5"
"Edible products and preparations, n.e.s.","Tonne","113,760.3","118,828.2","127,121.1","182,235.9","189,236.5"
"Textile fibres and their waste","Tonne","267,671.1","271,251.3","270,477.4","245,075.9","272,660.0"
"Second - hand clothing","Tonne","96,132.1","95,581.2","96,286.5","100,526.7","103,161.7"
"Petroleum  products","Lt.","42.4","53.9","49.3","36.5","54.5"
"Residual petroleum products, n.e.s. and related","Kg","54.9","41.7","52.7","45.2","58.9"
"materials","","","","","",""
"Liquefied propane and butane","Kg","59.2","62.7","52.7","47.9","69.5"
"Animal and vegetable oils","Kg","80.6","68.5","59.5","77.9","130.4"
"Organic & inorganic chemicals","Kg","93.2","96.2","77.4","77.6","101.9"
"Pigments, paints, varnishes and related materials","Kg","177.0","166.6","193.2","181.1","201.5"
"Medicinal & pharmaceauticals products","Kg","2,243.7","2,001.7","2,031.0","1,927.4","2,930.3"
"Essential oils & pefumes","Kg","340.7","356.1","334.5","288.8","306.9"
"Chemical fertilizers","Tonne","34,179.8","37,167.0","35,133.3","32,788.8","51,168.1"
"Plastics in primary & non-primary forms","Tonne","135,104.0","146,007.8","132,611.5","121,590.0","170,484.6"
"Insecticides and fungicides","Tonne","661,189.6","689,964.2","721,247.3","640,773.3","711,190.6"
"Miscellaneous chemical products, n.e.s.","Tonne","316,984.0","325,788.2","304,207.9","329,002.5","328,171.4"
"Rubber tyres  and inner tubes, for wheels of all","No.","1,726.8","1,553.3","1,583.0","1,418.8","1,644.8"
"kinds","","","","","",""
"Paper and paperboard","Tonne","90,346.0","104,596.0","96,638.1","91,440.7","107,422.2"
"Cement clinkers","Tonne","4,349.6","4,748.6","4,618.8","4,305.0","6,264.0"
"Iron and steel","Tonne","60,798.0","74,352.8","65,304.9","60,472.7","90,890.7"
"Non-ferrous metals","Tonne","367,154.0","354,577.9","348,396.7","330,314.7","424,628.7"
"Structures and parts of structures of iron, steel or","Tonne","192,442.3","189,034.3","204,678.8","210,425.1","292,850.7"
"aluminium","","","","","",""
"Hand & machine tools","Kg","277.3","230.4","230.2","225.6","278.3"
"Manufactures of base metal, n.e.s.","Tonne","201,822.6","242,147.7","218,844.5","213,528.0","262,978.4"
"Automatic data proccessing machines and units","No.","20,263.0","23,523.7","16,484.5","14,933.1","11,348.7"
"thereof","","","","","",""
"Motorcycles and cycles fitted with an auxilliary","No.","57,241.5","55,420.4","57,352.2","58,517.2","60,687.9"
"motor","","","","","",""
"Bicycles, assembled or partly assembled","No.","2,869.7","3,164.6","3,016.1","3,141.2","3,435.8"
"Road motor vehicles","No.","902,141.2","908,025.1","838,151.5","858,435.9","957,671.9"
"Prefabricated buldings","Tonne","213,479.7","284,934.8","287,624.1","374,460.3","373,608.1"
"Printed matter","Tonne","1,000,031.7","533,179.7","591,604.8","785,850.4","860,856.6"
"Articles, n.e.s., of plastics","Tonne","194,780.0","211,211.3","222,501.3","212,867.6","259,378.8"
