"Table 19.5:","Distribution of Lifetime Migrants by Major Urban Centres, 2019..............................433"
"Table 19.6:","Top Ten Counties of Immigrants’ Origin, 2019..........................................................433"
"Table 19.7:","Distribution of Older Population by 5 Year Age Groups and Sex, 2019....................434"
"Table 19.8:","Distribution of Older Population by County and Sex, 2019.......................................435"
"Table 20.1","Formal Access by County in 2021............................................................................441"
"Table 20.2","Exclusion by County in 2021....................................................................................441"
