"Employment in the sector registered an upward","2021 from KSh 100.0 billion in 2020. Building plans"
"growth with private employment increasing by 2.3 per","approved by the Nairobi City County declined from"
"cent to 217.3 thousand employees. Likewise, public","KSh 153.6 billion in 2020 to KSh 102.9 billion in 2021."
"employment in the construction sector increased",""
"from 9.1 thousand employees in 2020 to 9.2 thou-",""
"sand employees in 2021. Credit advanced to the",""
"","Key Construction Indicators"
"Construction and Real Estate sectors by commercial",""
"","11.4. Table 11.1 presents selected key indicators in"
"banks went up from KSh 526.5 billion in 2020 to KSh",""
"","the construction sector for the period 2017 to 2021."
"531.3 billion in 2021.",""
"","The real value of reported public building works com-"
"","pleted decreased from KSh 70.8 million in 2020 to"
"","KSh 63.2 million in 2021. The decline could be at-"
"11.3. In line with the Big-4-Agenda, the Government","tributed to the few housing units completed by the"
"continued to facilitate acquisition of affordable hous-","SDH during the review period. The real value of"
"ing to Kenyans. In 2021, 431 housing units were","government expenditure on roads increased from"
"completed by the State Department for Housing at","KSh 494.8 million in 2020 to KSh 534.6 million in"
"an estimated cost of KSh. 741.3 million. As at De-","2021 due to the increased allocation of funds to the"
"cember 2021, there were 3,480 housing units under","road sub-sector. Cement consumption increased by"
"construction by the State Department for Housing","23.0 per cent to 9.1 million tonnes in 2021. Credit"
"(SDH), with an estimated construction cost of KSh","advanced to the Construction and the Real Estate"
"6.9 billion. Budgeted Government expenditure on","sectors by commercial banks increased by 0.9 per"
"housing for 2021/22 is however expected to decrease","cent to KSh 531.3 billion in 2021. Total employment"
"by 48.4 per cent to KSh 14.1 billion. The value of","in the construction sector went up by 2.5 per cent to"
"buildings completed in the Nairobi City County (NCC)","226.5 thousand persons in 2021."
"decreased by 11.9 per cent, to KSh 88.1 billion in",""
