"International Trade in ICT Equipment",""
"14.29. International trade in ICT equipment based","2020 to KSh 248.5 million in 2021. Total ICT imports"
"on the Standard International Trade Classification","have been decreasing for the last 3 years and de-"
"(SITC) is presented in Table 14.13.The total value of","clined further by 9.4 per cent to KSh 48.3 billion in"
"ICT exports went up by 14.3 per cent from KSh 1.4","2021. Major declines in imports were recorded for"
"billion in 2020 to KSh 1.6 billion in 2021. Monitors,","telecommunication equipment, monitors, projectors"
"projectors and reception apparatus for television","and reception apparatus for television in the review"
"had the most increment from KSh 108.6 million in","period."
