"","2017","2018","2019","2020","2021*"
"Fixed Charges","","","","",""
"Installation Fees","","","","",""
"Business and Residential Telephone Services","5,496.00","5,496.00","5,496.00","5,496.00","5,694.00"
"Copper Solutions","7,000.00","7,000.00","-","-","-"
"Microwave Solutions","80,000.00","85,000.00","65,000.00","65,000.00","65,000.00"
"Fibre Solutions","7,000.00","7,000.00","7,000.00","7,000.00","7,000.00"
"Monthly Susbcription for Residential Telephone Service","580.00","580.00","580.00","580.00","580.00"
"Monthly Susbcription for Business Telephone Service","580.00","580.00","580.00","580.00","580.00"
"Average price of a one minute Fixed to Fixed local call","5.00","5.00","5.00","5.00","3.14"
"Average price of a one minute Fixed to Mobile local call","8.00","8.00","8.00","8.00","4.72"
"Mobile Charges","","","","",""
"Lowest  recharge card value","5.00","5.00","5.00","5.00","5.00"
"Average price of a one minute Mobile to Mobile local","3.00","-","-","-","-"
"call1","","","","",""
"Average price of a one minute Mobile to Fixed local","3.21","-","-","-","-"
"call1","","","","",""
"Average price of one on-net call","..","3.00","2.83","2.83","3.22"
"Average price of one off-net call","..","3.46","3.07","3.07","3.82"
"Average price of a  message via  SMS","1.06","1.10","1.10","1.10","1.18"
