"Activity","","Agreements","Unionsable","","Average basic wages","","","Average monthly"
"","(Number)","","employees","","(KSh)","","","allowances offered1"
"","","","(Number)","","","","(KSh)",""
"","2020","2021*","2020","2021*","2020","2021*","2020","2021*"
"Agriculture, Forestry And Fishing","2","12","2,958","14,356","18,434.3","25,655.6","4,160.0","8,797.7"
"Mining And Quarrying","","","","","","","-","-"
"Manufacturing","42","65","7,819","24,606","33,380.4","39,232.6","11,327.0","14,513.1"
"Electricity, Gas, Steam And Air Condi-","","","","","","","",""
"","","1","","27","","126,370.1","-","38,888.0"
"tioning Supply","","","","","","","",""
"Water Supply; Sewerage, Waste Man-","","","","","","","",""
"","6","9","3,296","947","51,546.0","38,850.9","25,237.4","19,619.0"
"agement And Remediation Activities","","","","","","","",""
"Construction","5","1","81","1,405","19,632.9","19,523.0","9,405.2","7,172.5"
"Wholesale And Retail Trade; Repair","","","","","","","",""
"","1","4","60","118","22,605.8","68,151.2","6,550.0","12,863.7"
"Of Motor Vehicles And Motorcycles","","","","","","","",""
"Transportation And Storage","6","10","888","868","56,457.0","47,360.3","11,525.7","19,444.6"
"Accommodation And Food Service","","","","","","","",""
"","","","","","","","-","-"
"Activities","","","","","","","",""
"Information And Communication","67","5","67","475","54,688.4","61,140.6","5,504.5","30,466.7"
"Financial And Insurance Activities","28","13","950","22,307","33,932.5","122,914.7","16,700.0","37,671.6"
"Real Estate Activities","","1","","46","","223,425.6","-","6,400.0"
"Professional, Scientific And Techni-","","","","","","","",""
"","","","","","","","-","-"
"cal Activities","","","","","","","",""
"Administrative And Support Service","","","","","","","",""
"","","3","","12,499","","18,244.9","-","10,474.1"
"Activities","","","","","","","",""
"Public Administration And Defence;","","","","","","","",""
"","","","","","","","-","-"
"Compulsory Social Security","","","","","","","",""
"Education","","30","","338,710","","48,914.2","-","15,656.8"
"Human Health And Social Work","","","","","","","",""
"","12","10","14","15,470","40,540.8","50,714.2","14,081.7","13,698.3"
"Activities","","","","","","","",""
"Arts, Entertainment And Recreation","","2","","86","","25,987.1","-","29,400.0"
"Other Service Activities","","","","","","","-","-"
"Activities Of Extraterritorial Organiza-","","","","","","","",""
"","3","","5","5","29,611.7","29,611.7","15,626.0","-"
"tions And Bodies","","","","","","","",""
"Total/ Average","172","166","16,138","431,925","34,016","63,073","6,006","13,253"
"","Source :Ministry of Labour : Central Planning and Monitoring Unit","","","","","","",""
