"Table 6.6: Quantities of Principal Imports, 2017-2021","","","","","",""
"Commodity","Unit","2017","2018","2019","2020","2021*"
"Wheat, unmilled","Tonne","1,854,953.8","1,736,691.7","1,998,852.1","1,882,450.5","1,889,921.9"
"Rice","Tonne","625,142.7","599,338.8","608,601.9","605,147.5","630,910.5"
"Maize(unmilled,excluding sweet corn)","Tonne","1,327,971.7","529,558.3","228,783.5","273,472.2","486,525.0"
"Wheat flour","Tonne","13,951.2","22,641.7","987.8","4,942.9","611.1"
"Sugars, Mollases and Honey","Tonne","1,119,609.4","408,383.0","627,167.6","482,070.2","468,785.1"
"Edible products and preparations, n.e.s.","Tonne","104,972.5","92,864.5","102,742.1","89,959.0","85,988.5"
"Textile fibres and their waste","Tonne","20,124.7","24,145.6","24,344.6","26,867.4","29,468.3"
"Second - hand clothing","Tonne","135,868.4","177,160.0","184,555.2","121,778.2","183,830.1"
"Petroleum  products","Mn. Lt.","5,542.1","5,471.3","6,234.9","5,514.3","6,148.7"
"Residual petroleum products, n.e.s. and related","Tonne","87,123.6","177,988.8","150,110.7","198,441.6","152,674.9"
"materials","","","","","",""
"Liquefied propane and butane","Tonne","198,481.9","240,484.3","304,407.7","321,183.9","373,865.3"
"Animal/vegetable fats and oils","Tonne","850,497.4","867,296.9","1,006,481.3","1,208,218.6","926,435.4"
"Organic & inorganic chemicals","Tonne","279,539.7","315,055.3","342,366.9","360,441.3","346,409.4"
"Pigments, paints, varnishes and related ma-","Tonne","43,330.6","52,511.7","44,341.8","49,431.7","52,159.1"
"terials","","","","","",""
"Medicinal and pharmaceutical products","Tonne","24,790.8","29,847.8","32,377.7","39,389.1","30,182.2"
"Essential oils & pefumes","Tonne","64,353.3","64,187.5","72,427.3","73,134.0","85,819.5"
"Chemical fertilizers","Tonne","853,113.0","632,074.6","768,824.9","836,071.9","758,456.5"
"Plastics in primary & non-primary forms","Tonne","453,783.5","471,676.2","501,451.4","569,396.2","576,188.6"
"Insecticides and  fungicides","Tonne","17,986.0","20,340.1","15,606.0","25,809.7","19,159.2"
"Miscellaneous chemical products, n.e.s","Tonne","50,075.8","49,330.3","49,388.6","54,012.7","55,810.3"
"Rubber tyres  and inner tubes, for wheels of","“000’’No","8,123.6","10,476.2","10,182.3","10,985.2","11,338.7"
"all kinds","","","","","",""
