"* Provisional",""
"7.10. The total value of inputs purchased rose from","rose by 24.5 per cent to KSh 12.3 billion. The value"
"KSh 69.3 billion in 2020 to KSh 77.5 billion in 2021,","of fuel and power consumed in the agricultural sector"
"representing an 11.8 per cent increase as shown in","decreased by 3.4 per cent to KSh 16.6 billion, while"
"Table 7.7. The value of fertilizer purchased increased","the value of certified seeds decreased to KSh 4,170"
"by 26.4 per cent to KSh 20.5 billion in 2021. During","million in the review period."
"the year under review, value of manufactured feeds",""
