"","","","","","","Number"
"Domain","Users","2017","2018","2019","2020","2021*"
".ac.ke","Institutions of Higher Education","768","891","889","962","1,026"
".co.ke","Companies","68,430","77,820","87,243","93,776","85,536"
".go.ke","Government entities","414","502","565","606","615"
".info.ke","Information e.g. blogs","374","443","155","156","144"
".me.ke","Personal websites & email","386","345","219","182","298"
".mobi.ke","Mobile content","126","180","40","43","38"
".ne.ke","Network Devices","466","277","96","51","48"
".or.ke","Non profit making organisations or NGO’s","1,981","1,976","1,831","1,930","1,895"
".sc.ke","Lower & middle institutions of learning","1,027","1,212","902","838","1,002"
".ke","Second Level Domain (SLD)","..","2,098","2,226","2,579","3,924"
"","TOTAL","73,972","85,744","94,166","101,123","94,526"
"","Number of Registrars","372","382","203","190","194"
"","Domain renewal fee in KSh","1,160","1,160","1,160","1,160","700"
"","Average annual fee to operate domain (Domain","650","650","650","650","700"
"","registration fee) in KSh","","","","",""
"","Second Level Domain Registration and Renewal fee","..","5,800","5,000","5,000","2,500"
"","in KSh","","","","",""
