"* Provisional",""
"13.18. The SGR freight haulage increased by 22.6","13.19. The number of passenger journeys by Mada-"
"per cent from 4,411 thousand tonnes in 2020 to 5,407","raka Express more than doubled from 806 thousand"
"thousand tonnes in 2021 as presented in Table 13.7","in 2020 to 1,993 thousand in 2021. Similarly, revenue"
"(b). As a result, revenue realized from cargo haulage","from passenger traffic more than doubled to KSh"
"rose by 24.0 per cent from KSh 10.5 billion in 2020 to","2,201 million in 2021 from KSh 896 million in 2020."
"KSh 13.0 billion in 2021. The increase in tonnage and","The increase in passenger traffic and revenue was"
"revenue was partly attributed to the full utilization of","buoyed by easing of COVID-19 measures relating"
"the expanded Nairobi Inland Container Deport (ICD),","to mobility coupled with introduction of additional"
"re-introduction of double stack and long freight trains.","passenger train for night travel."
