"Minor Road (E)  - Major Feeder Roads linking important Constituency centres to each other and meant to carry local traffic and to channel it to",""
"class D roads.",""
"Special Purpose Roads (F) - Provide direct access to individual or group of properties, and residential areas, or to places of specific social or",""
"economic activity, including industrial and commercial areas and government institutions such as National Parks, schools, hospital, prisons and",""
"government housing.",""
"11.15. Construction of essential infrastructure proj-","dual carriage, and the Makupa Causeway Bridge"
"ects especially on road networks spurs development","construction, were among the ongoing PPP projects"
"and eases traffic congestion. The Nairobi Express","at an estimated cost of KSh 12.5 billion and KSh 4.5"
"Way, Kenya’s first major public-private partnership","billion respectively. As shown in Table 11.12, there"
"(PPP) project, was 82.0 per cent complete as at 31st","were other major roadworks in progress for the fi-"
"December 2021. The Express Way is a 108.4-kilo-","nancial year 2021/22. An estimated KSh 259.5 billion"
"metre lane length with an estimated total construc-","would be utilized on roadworks with a total length of"
"tion cost of KSh 72.8 billion. The Nairobi Eastern","2,299.0 kilometres."
"Bypass, which is being expanded/upgraded to a",""
