"15.21. Enrolment of studentsin universities from","academic year. The reduction is partly attributed to"
"2018/19 to 2021/22 academic years is presented in","delayed registration of students, transfer of some"
"Table 15.15. Overall, university enrolment is expected","students to private universities and interruptions"
"to expand from 546.7 thousand in 2020/21 to 562.1","associated withCOVID-19 pandemic in 2020/21."
"thousand in 2021/22 academic year, an increase of","During the period under review, enrolment in public"
"2.8 per cent. The expansion in university enrolment","universities constituent colleges is expected to rise"
"is on anticipated rise in the number of Government","by 40.7 per cent to 13.5 thousand in 2021/22. In"
"sponsored students placed in both public and private","the same period, enrolment in private universities"
"universities by KUCCPS. Total enrolment in pub-","is expected to increase by 20.0 per cent to 113.6"
"lic universities is expected to decreasefrom 452.1","thousand."
"thousand in 2020/21 to448.5 thousandin 2021/22",""
