"Table 2.4: Gross Domestic Product by Activity (growth)","","","","",""
"","","","","Percentage Changes",""
"Industry","2017","2018","2019+","2020+","2021*"
"Agriculture, forestry and fishing","-1.3","5.7","2.7","4.6","-0.2"
"Growing of crops","-1.0","6.4","3.0","5.7","-1.5"
"Animal production","-6.9","4.6","1.9","3.4","3.9"
"Support activities to agriculture","12.8","13.4","5.5","2.7","16.7"
"Forestry & logging","3.3","-1.0","0.1","-2.0","-2.4"
"Fishing & aquaculture","24.1","9.5","4.2","0.8","3.7"
"Mining and quarrying","3.2","-4.7","4.3","5.5","18.1"
"Manufacturing","0.7","3.6","2.6","-0.4","6.9"
"Manufacture of food, beverages and tobacco","1.5","5.5","2.9","-1.6","5.5"
"Other manufacturing and repair and installation","-0.3","1.2","2.3","1.2","8.8"
"Electricity supply","5.6","4.0","1.9","-0.4","4.4"
"Water supply; sewerage, waste management","-3.2","2.5","1.3","3.4","6.4"
"Construction","6.3","6.1","7.2","10.1","6.6"
"Wholesale and retail trade; repairs","4.3","5.9","5.3","-0.5","7.9"
"Transportation and storage","3.5","6.0","6.3","-7.8","7.2"
"Land transport","6.3","5.2","6.4","-2.9","6.5"
"Air transport including support services","-16.0","6.5","3.7","-54.1","18.0"
"All other transport including postal and courier activities","3.7","10.5","8.0","-7.0","8.3"
"Accommodation and food services","9.4","15.6","14.3","-47.7","52.5"
"Information and communication","8.1","7.9","7.0","6.3","8.8"
"Telecommunications","11.9","9.1","8.3","12.6","9.7"
"Publishing, broadcasting, other IT and information activities","1.0","5.6","4.1","-7.5","6.4"
"Financial and insurance activities","4.1","2.7","8.1","5.9","12.5"
"Financial activities","3.8","0.8","7.7","4.4","8.2"
"Insurance activities","5.2","10.6","9.5","11.7","27.6"
"Real estate","6.7","6.5","6.7","4.1","6.7"
"Professional, scientific and technical activities","3.7","5.4","6.8","-11.5","5.6"
"Administrative and support service activities","1.6","9.8","6.8","-17.6","5.8"
"Public administration and defence","3.9","7.9","8.4","7.0","5.6"
"Education","8.7","6.8","5.7","-9.3","21.4"
"Primary education","13.6","9.2","3.1","-8.4","19.1"
"General secondary education","3.2","6.0","8.2","-15.0","34.5"
"Higher and other education","5.9","3.1","8.1","-4.7","13.4"
"Human health and social work activities","6.4","5.4","5.5","5.7","6.0"
"Arts, entertainment and recreation","16.5","3.7","8.0","-28.3","13.7"
"Other service activities","3.9","4.0","4.9","-19.5","18.9"
"Activities of households as employers;","1.5","1.5","1.5","1.5","1.5"
"Financial Intermediation Services Indirectly Measured","-6.0","3.7","9.5","-1.8","5.5"
"All industries at basic prices","3.7","5.6","5.2","0.5","7.1"
"Taxes on products","5.7","5.9","3.9","-8.1","11.9"
"GDP at market prices","3.8","5.6","5.1","-0.3","7.5"
"* Provisional","","","","",""
