"15.4. Enrolment in pre-primary 1 and 2 went up by","billion in 2020/21 to KSh 91.1 billion in 2021/22. The"
"12.4 thousand to 2,845.3 thousand in 2021 school","recurrent expenditure for the State Department for"
"year from 2,832.9 thousand in 2020 school year.","Post Training and Skills Development is expected"
"Total enrolment in primary schools increased by","to go up from KSh 122.4 million in 2020/21 to KSh"
"1.1 per cent to 10,285.1 thousand in 2021 school","201.0 million in 2021/22."
"year. Similarly, total enrolment in secondary schools",""
"","for 
the 
15.6.  Total  development  expenditure"
"rose by 4.9 per cent to 3.7 million in 2021. Number",""
"","education sector is expected to reduce by 36.2 per"
"of teachers in public primary schools increased",""
"","cent to KSh 10.1 billion in 2021/22. The development"
"by 1.2 per cent to 220,744 in 2021, while number",""
"","expenditure  for  the  State  Department  for  Early"
"of 
teachers 
in  public  secondary  schools  and",""
"","Learning  and  Basic  Education  is  expected  to"
"teacher  training  colleges  increased  by  6.3  per",""
"","decrease from KSh 6.5 billion in 2020/21 to KSh"
"cent to 120,279 in 2021. Enrolment in Technical",""
"","5.9 billion in 2021/22. The development expenditure"
"and  Vocational  Education  and Training  (TVET)",""
"","for Teachers Service Commission is expected to"
"institutions rose by 10.4 per cent to 498,326 in",""
"","increase  from  KSh  120.2  million  in  2020/21  to"
"2021. University enrolment is expected to grow from",""
"","KSh 322.6 million in 2021/22. The development"
"546.7 thousand in 2020/21 to 562.1 thousand in",""
"","expenditure for the State Department of University"
"2021/22 academic year. The amount of loans and",""
"","Education is expected to reduce from KSh 4.0 billion"
"bursaries awarded to students by Higher Education",""
"","in 2020/21 to KSh 1.2 billion in 2021/22, while that for"
"Loans Board (HELB) declined from KSh 15.4 billion",""
"","the State Department for Vocational and Technical"
"in 2019/2020 to KSh 14.4 billion in 2020/2021. In",""
"","Training is expected to decrease from KSh 5.2 billion"
"2021/22, Government funding to universities through",""
"","in 2020/21 to KSh 2.7 billion in 2021/22."
"the Universities Fund is expected to increase from",""
"KSh 41.9 billion in 2020/21 to KSh 43.8 billion in",""
"2021/22.",""
"Expenditure for the Education Sector",""
"15.5. Table 15.1 presents the expenditure for the",""
"","Total  development  expenditure  for  the"
"Ministry of Education, Science and Technology",""
"","education  sector  is  expected  to  reduce"
"during the financial years 2017/18 to 2021/22. To-",""
"tal expenditure for the education sector is expected","by  36.2  per  cent  to  KSh  10.1  billion  in"
"to increase by 2.9 per cent to KSh 486.1 billion in","2021/22. The development expenditure for"
"2021/22 financial year. Total recurrent expenditure",""
"","the State Department for Early Learning and"
"is expected to increase by 4.3 per cent to KSh 476.0",""
"","Basic Education is expected to decrease"
"billion in 2021/22 financial year. The recurrent ex-",""
"","from KSh 6.5 billion in 2020/21 to KSh 5.9"
"penditure for the State Department for University",""
"Education is expected to increase from KSh 79.0","billion in 2021/22"
