"Purpose of Visit",""
"Visitor Departures",""
"12.9. International visitor departures by purpose","in the fourth quarter more than doubled from 118.0"
"of visit and quarter from 2017 to 2021 is shown in","thousand in 2020 to 268.1 thousand, the highest"
"Table 12.2. The number of departing visitors rose by","in 2021. The second quarter of 2021 recorded the"
"40.1 per cent to 791.7 thousand in 2021. Internation-","lowest international visitor departures at 138.5 thou-"
"al visitor departures in the first quarter declined by","sand. Departing visitors on business, holiday and"
"more than half from 392.7 thousand in 2020 to 142.2","transit accounted for 42.5, 28.2 and 6.1 per cent of"
"thousand in 2021. International visitor departures","total international departures in 2021, respectively."
