"15.32. Table 15.23 shows the number of individual research licenc-","per cent to 4,895 in 2020/21. During thereview period, the number of"
"es granted by nationality, research category and sex from 2016/17 to","individual research licenses granted to African non-EAC citizens rose"
"2020/21.The totalnumberof individual research licenses granted reduced","by 41.5 per cent, while those granted to Non-African Nationals declined"
"by 15.7 per cent from 6,112 in 2019/20 to 5,153 in 2020/21. Similarly, the","by 31.5 per cent.Research licenses granted to researchers from Kenya"
"number of individual research licences granted to female applicants de-","and other EAC citizens pursuing doctorate and post-doctorate increased"
"clined by 17.4 per cent to 2,361, while that of male applicants decreased","by 1.6 per cent and 1.7 per cent, respectively, while those undertaking"
"by 14.2 per cent to 2,792 over the same period. The number of individual","undergraduate and masters’ programmesdeclined by 17.8 per cent and"
"research licenses granted to Kenyan and EAC citizens declined by 15.5","19.6 per cent, respectively, in the review period."
