"Table 3.9: Estimated Real Average Wage Earnings per Employee1, 2017 – 2021 (Continued)","","","","",""
"","","","","","KSh"
"","2017","2018","2019","2020","2021*"
"PUBLIC SECTOR","","","","",""
"Agriculture, forestry and fishing","444,822.6","438,513.9","462,777.3","472,421.8","447,478.1"
"Mining and quarrying","429,363.4","432,613.0","463,350.7","479,635.6","453,773.4"
"Manufacturing","916,435.0","913,221.9","953,197.4","968,792.4","905,098.8"
"Electricity, gas, steam and air conditioning supply","1,396,097.3","1,362,408.4","1,407,617.7","1,402,989.3","1,329,147.4"
"Water supply; sewerage, waste management and","","","","",""
"","664,484.4","629,302.5","630,770.4","618,054.0","581,220.7"
"remediation activities","","","","",""
"Construction","770,108.5","739,691.0","783,307.9","798,602.1","759,373.8"
"Wholesale and retail trade; repair of motor","","","","",""
"","1,331,113.2","916,597.8","957,071.4","970,017.7","920,937.0"
"vehicles and motorcycles","","","","",""
"Transportation and storage","1,719,683.2","1,693,043.9","1,818,683.4","1,876,269.9","1,834,749.7"
"Accommodation and food service activities","1,676,599.8","1,800,401.0","2,048,729.3","2,258,084.4","2,151,413.1"
"Information and communication","807,552.4","799,570.3","843,954.3","859,556.8","814,073.4"
"Financial and insurance activities","1,720,906.0","1,741,381.5","1,834,772.8","2,063,471.3","1,708,882.0"
"Real estate activities","-","-","-","-","-"
"Professional, scientific and technical activities","880,988.3","885,821.3","949,589.0","1,089,328.3","1,036,373.3"
"Administrative and support service activities","-","-","-","-","-"
"Public administration and defence; compulsory","653,440.6","652,820.5","631,147.0","591,658.0","583,936.6"
"social security","","","","",""
"Education","638,143.3","672,162.4","687,823.8","639,862.5","613,529.1"
"Human health and social work activities","1,450,150.2","1,455,816.5","1,539,865.2","1,620,005.9","1,619,774.4"
"Arts, entertainment and recreation","815,494.2","803,649.6","838,378.3","846,379.3","800,769.0"
"Other service activities","-","-","-","-","-"
