"Selected Insurance Indicators",""
"4.20. Table 4.13 presents performance indicators",""
"","4.21. In 2021, life insurance business recorded"
"for life insurance business from 2017 to 2021. Total",""
"","growth in gross premiums of 21.2 per cent while"
"assets of life insurance business grew by 14.0 per",""
"","reinsurance life recorded a growth in gross premium"
"cent to KSh 564.8 billion in December 2021 while",""
"","of 0.5 per cent. Benefits payments and commissions"
"total assets under the reinsurance life grew by 7.8",""
"","in life insurance business grew by 19.4 per cent and"
"per cent over the same review period. On the other",""
"","15.5 per cent to KSh 78.3 billion and KSh 6.7 billion"
"hand, total liabilities of life insurance business grew",""
"","respectively, during the review period. The growth"
"by 15.3 per cent to KSh 508.1 billion, while those of",""
"","in benefits payments and commissions is attributed"
"reinsurance life recorded a decline of 55.3 per cent",""
"","to significant growths of 20.7 per cent and 14.1 per"
"under the review period.",""
"","cent in net premiums and investments, respectively."
