"Summary and Outlook",""
"International Scene","In the review period, monetary policy was premised"
"World real Gross Domestic Product is estimated to","on the need to accelerate economic recovery af-"
"have grown by 5.9 per cent in 2021 compared to a","ter a slowdown witnessed in most of the economic"
"contraction of 3.1 per cent in 2020. The growth was","activities in 2020. Central Bank Rate (CBR) was"
"mainly attributed to easing of COVID-19 restriction","maintained at 7.00 per cent throughout 2021. Overall"
"measures which led to increased global trade and","liquidity and broad money grew by 9.48 per cent and"
"increased activities in both the industrial and service","6.1 per cent, respectively in 2021."
"sectors. The growth was manifested in advanced",""
"","Agriculture remained the dorminant sector, account-"
"economies and Emerging Markets and Development",""
"","ing for about 22.4 per cent of the overall GDP in"
"Economies which expanded by 5.0 per cent and 6.5",""
"","2021. Industry related activities and service activities"
"per cent, respectively, in the review period. Sub-Sa-",""
"","accounted for about 17.0 per cent and 60.6 per cent,"
"haran Africa economy grew by 3.7 per cent in 2021,",""
"","respectively in 2021. Nominal GDP increased from"
"mainly due to favourable weather conditions in most",""
"","KSh 10,716.0 billion in 2020 to KSh 12,098.2 billion"
"of the countries in the region. East Africa Community",""
"","in 2021 while Gross National Disposable Income"
"economy grew by 4.9 per cent in the period under",""
"","increased from KSh 11,058.4 billion in 2020 to KSh"
"review compared to 1.0 per cent growth in 2020.",""
"","12,588.2 billion in 2021.  Gross domestic per capita"
"World trade volume increased by 9.3 per cent in 2021","increased by 11.4 per cent from KSh 220,132.2 in"
"compared to a contraction of 8.2 per cent in 2020,","2020 to KSh 245,145 in 2021."
"reflecting increased demand and activities in the",""
"economy. Global inflation rose from 3.2 per cent in",""
"2020 to 4.3 per cent in 2021 due to increase in prices","Employment, Earnings and Consumer Prices"
"of energy and agricultural commodities, and supply","During the review period, total new jobs created in"
"chain disruptions. Unemployment rate eased from","the economy were 926.1 thousand of which 172.3"
"6.6 per cent in 2020 to 6.2 per cent in 2021 as busi-","thousand were in the modern sector, while 753.8"
"nesses reopened and the number of working hours","thousand were in the informal sector. Wage employ-"
"increased, after relaxation of COVID-19 restrictions.","ment in the private sector increased by 6.8 per cent"
"","to 1,984.2 thousand persons in 2021 from 1,858.0"
"","thousand persons in 2020. Within the public sector,"
"Economic Performance","wage employment increased from 884.6 thousand"
"Real Gross Domestic Product (GDP) is estimated to","persons in 2020 to 923.1 thousand persons in 2021."
"have grown by 7.5 per cent in 2021 compared to a",""
"","The nominal wage bill for private and public sec-"
"contraction of 0.3 per cent in 2020. Most economic",""
"","tors rose by 8.4 per cent from KSh 2,218.7 billion"
"activities recorded positive growths except in Agricul-",""
"ture, Forestry and Fishing activities which contracted",""
"by 0.2 per cent in the review period. Activities that",""
"were affected more severely by the pandemic in",""
"2020 such as Education and Accommodation and",""
"Food Service grew faster than those that were less","Agriculture remained the dorminant sector,"
"severely affected. Economic growth in 2021 was","accounting for about 22.4 per cent of the"
"supported by improved performance in key sectors",""
"","overall  GDP 
in  2021. 
Industry  related"
"of the economy including; Manufacturing (6.9%),",""
"","activities and service activities accounted"
"Wholesale and Retail Trade (7.9%), Real Estate",""
"","for about 17.0 per cent and 60.6 per cent,"
"(6.7%), Transportation and Storage (7.2%), and Fi-",""
"nancial and insurance activities (12.5%).","respectively in 2021"
