"Consolidated Accounts of the Banking System",""
"4.7. Table 4.3 shows the total assets and liabilities","4.8. On the other hand, increase in liabilities in 2021"
"of depository corporations which includes the CBK,","was driven by growth in demand deposits, currency"
"commercial banks and microfinance banks from 2017","outside banks, foreign currency deposits and trea-"
"to 2021. Assets of the banking sector recorded a","sury bill holdings at 8.1, 8.5, 8.5 and 17.5 per cent,"
"growth of 9.8 per cent from KSh 5,088.3 billion as at","respectively in 2021. Other drivers of the growth in"
"end of 2020 to KSh 5,586.1 billion as at end of 2021.","total liabilities were increases in Money supply (M1)"
"The increase in assets was mainly due to 29.3 per","and quasi money at 7.4 and 3.5 per cent, respec-"
"cent and 8.6 per cent growth in credit to the National","tively. Over the review period, other deposits at the"
"Government and the private sector, respectively.","Central Bank declined by 4.3 per cent from a growth"
"The slowed growth in the total assets is attributed","of 37.2 per cent as at the end of 2020."
"to decline in the net foreign assets from KSh 749.2",""
