"sumption patterns coupled with reopening of the","in 2020. The recovery was mainly bolstered by in-"
"economy. However, the slowed growth was exac-","creased household consumption. Nevertheless, the"
"erbated by the reintroduction and expansion of the","recovery was held back by shortage of manufacturing"
"fourth state of emergency between July and Septem-","inputs especially that of semiconductors that affect-"
"ber 2021.  Current account balance as a percentage","ed car production. Inflation rose from 0.4 per cent"
"of GDP increased from a surplus of 2.9 per cent in","in 2020 to 3.1 per cent in 2021, due to increased"
"2020 to a surplus of 3.2 per cent in 2021 due to","energy prices, supply disruptions and end of Value"
"a steady increase in exports. Unemployment rate","Added Tax relief put in place to mitigate the effects"
"remained at 2.8 per cent in 2021.","of COVID-19. Unemployment rate improved to 3.6"
"","per cent in the review period from 3.9 per cent in"
"","2020, mainly due to reopening of businesses. Current"
"Germany",""
"","account balance as a percentage of GDP remained"
"1.11. Germany’s economy grew by 2.9 per cent",""
"","at a surplus of 6.8 per cent in 2021."
"in 2021 compared to a contraction of 4.9 per cent",""
