"Table 11.12: Selected Major Road Works in Progress as at December 2021","","",""
"","Length","% Com-","Amount (KSh"
"Project Name","","",""
"","(Km)","pletion","Million)"
"Roads under Construction","","",""
"Nairobi Expressway","108.40","82.0","72,800.00"
"Nairobi Western Bypass","77.20","56.5","17,580.85"
"Capacity enhancement of James Gichuru - Rironi","26.00","65.8","16,366.59"
"Kenol-Sagana","48.00","1.5","8,491.26"
"Lokitaung Junction – Kalobeiyei River","160.00","75.2","8,456.32"
"Kalobeiyei River – Nadapal/Nakodok","88.00","73.0","7,856.05"
"Mau Mau Road Lot2-Murang’a (Mairi-Kinyona-Mununga-Ichici-Tuthu-Wanjerere-","153.80","5.2","6,428.04"
"Kagongo-Kairo)","","",""
"Mombasa – Kwa Jomvu Rd (A109)","13.30","94.5","6,016.87"
"Sagana-Marua","36.00","2.0","5,749.46"
"Mau Mau Road Lot 1B: Kiambu (Kamahindu-Gatamaiyu-Nduriri-Nyanduma-","112.60","14.5","4,550.48"
"Wangui-Mataara-Gatakaini & other spur roads)","","",""
"Mau Mau Road Lot3: Nyeri (Kairo-Kabebero-Munyange-Gituiga-Ihithe-Miagayuini-","109.10","14.8","4,519.82"
"Ihururu-Nyarugumu-Njengu & other spur roads)","","",""
"Kitale – Endebes - Suam","45.00","61.0","4,474.99"
"Mau Mau Road Lot 1A: Kiambu-(Gataka- Iria Ini-Kagaa-Matimbei-Kamahindu &","105.00","12.5","4,193.17"
"Spur roads)","","",""
"Mombasa Port Area Road Development Project Package 3","6.86","75.0","4,000.00"
"Uplands - Githunguri - Ruiru","94.00","50.3","3,988.06"
"Kinyona - Gatura - Njabini","68.80","12.0","3,179.05"
"Kisumu Boys - Mamboleo","18.40","91.0","2,837.95"
"Posta (Naibor) - Kisima- Maralal","65.00","64.0","2,689.25"
"Nyaru - Iten","128.00","88.2","2,418.82"
"Link Road to Lamu Port","10.00","99.0","2,310.90"
"Thika Bypass","17.00","82.8","2,240.54"
"Marsabit - Segel","23.50","5.7","2,227.58"
"Thika - Magumu Road","68.00","9.5","2,066.53"
"Mau Narok-Kisiriri (B18)","68.00","87.0","1,222.22"
"Kiogoro - Gesure - Itibo - Masongo Roads","19.00","96.0","1,075.01"
"Busia – Malaba","56.60","93.3","961.36"
"Sub total","1,725.56","","198,701.16"
"Dualling","","",""
"Nairobi Eastern Bypass (From Baraka Roundabout to Ruiru/Kamiti Junction)","26.80","30.0","12,494.84"
