"Table 10.3:  Percentage Change in Quantum Indices of Manufacturing Production, 2017-2021","","","","","",""
"","","","","","Percentage Change",""
"Industry Divisions and Groups Descriptions","Weight","2017","2018","2019","2020","2021*"
"Meat and Meat Products","0.9","8.2","6.0","10.5","-25.6","13.1"
"Processing and preserving of fish","0.3","-7.9","7.1","-5.8","-7.5","6.3"
"Prepared and Preserved Fruits and Vegetables","2.0","-4.3","4.1","-17.3","-5.2","-14.0"
"Animal and Vegetable Fats and Oils","4.7","2.2","8.4","6.3","0.9","-2.8"
"Dairy Products","3.8","-14.1","21.9","4.4","-6.7","10.8"
"Grain Mill Products","10.9","9.1","5.4","4.1","11.7","6.2"
"Prepared Animal Feeds","2.6","1.7","-3.4","4.0","3.4","4.3"
"Bakery Products","3.2","8.1","14.5","-1.1","-3.3","9.3"
"Sugar","3.2","-41.2","30.6","-10.2","36.9","16.0"
"Cocoa, Chocolate and Sugar Confectionery","1.2","3.9","-2.4","9.3","2.0","2.6"
"Food Products not elsewhere classified","11.7","-5.8","10.5","-4.3","4.7","-5.8"
"Total Food Products","44.5","-5.0","10.2","-0.2","5.6","3.1"
"Beverages","6.0","4.4","5.7","7.5","-18.3","8.4"
"Tobacco Products","1.2","-6.7","6.3","7.9","-14.3","12.9"
"Beverages and Tobacco","7.2","2.4","5.8","7.5","-17.7","9.2"
"Textiles","1.3","8.5","0.5","15.6","-9.5","1.6"
"Wearing Apparel","3.0","9.7","-3.8","2.4","-6.9","5.0"
"Leather and Related Products","1.3","14.9","25.8","-0.7","-14.8","15.6"
"Wood and Products of Wood","0.7","-9.6","-7.6","26.7","19.6","10.2"
"Paper and Paper Products","4.3","4.5","-7.0","3.1","-10.7","10.4"
"Printing and Production of Recorded Media","2.8","13.2","11.2","22.1","-22.0","15.6"
"Refined Petroleum Products","0.4","1.0","6.6","3.6","-6.1","4.6"
"Chemical and Chemical Products","6.2","1.4","1.6","6.8","1.7","4.8"
"Pharmaceutical Products","2.0","8.4","8.1","4.8","1.8","-0.8"
"Plastic Products","4.7","-5.1","14.3","3.2","-1.0","2.0"
"Other Non-metallic Mineral Products","6.1","-7.0","-1.8","-0.6","19.9","23.2"
"Basic Metals","8.0","5.8","6.3","3.0","-5.3","2.7"
"Structural Metal Products","0.5","6.7","-8.9","2.5","-6.9","10.1"
"Fabricated Metal Products,except machinery and","","","","","",""
"","1.4","-0.2","3.1","-0.2","10.0","7.9"
"equipment","","","","","",""
"Electrical Equipment","0.9","-5.9","0.7","-16.3","-11.3","2.3"
"Machinery and Equipment nec","0.3","11.0","5.0","4.8","-1.4","3.8"
"Motor Vehicle, Trailers and Semi Trailers","2.0","-21.2","-1.5","41.2","-8.0","18.9"
"Motorcycles","0.4","0.0","0.0","0.0","0.0","0.0"
"Manufacture of furniture","1.1","-2.2","21.9","-11.4","-3.5","-3.6"
"Other Manufacturing","0.5","2.1","2.5","-0.3","3.7","1.5"
"Repair and Installation of Machinery and Equipment","0.6","2.0","2.6","6.4","12.0","6.5"
"Overall","100.0","-1.7","6.7","3.0","0.2","6.0"
