"Table 14.12: Key Indicators for Measuring Information Society, 2017– 2021","","","","",""
"","2017","2018","2019","2020","2021*"
"Represents Total Population","","","","",""
"Fixed telephone lines per 100 inhabitants","0.15","0.05","0.05","0.04","0.03"
"Mobile-cellular telephone subscriptions per 100","94.29","106.51","114.70","126.85","131.88"
"inhabitants","","","","",""
"Wireless internet subscribers per 100 inhabitants","73.04","97.69","82.62","90.50","92.57"
"Internet subscribers per 100 inhabitants (Wire-","73.48","98.34","83.38","91.70","93.93"
"less and Fixed)","","","","",""
"Bits per second per capita (Bps/person)","21,168.70","25,773.45","59,969.34","86,867.51","102,402.20"
"Broadband subscriptions per 100 inhabitants","37.46","46.49","45.53","52.07","57.69"
"(wireless)","","","","",""
"Broadband subscriptions per 100 inhabitants","38.09","47.15","46.44","53.27","59.05"
"(Fixed and Wired)","","","","",""
"Mobile money subscriptions per 100 inhabitants","66.08","68.05","60.92","67.05","71.34"
"Represents Population of Three (3) years and","","","","",""
"above","","","","",""
"Fixed telephone lines per 100 inhabitants","0.17","0.05","0.05","0.04","0.03"
"Mobile-cellular telephone subscriptions per 100","102.14","115.16","123.77","136.87","142.19"
"inhabitants","","","","",""
"Wireless internet subscribers per 100 inhabitants","79.12","105.62","89.16","97.65","99.80"
"Internet subscribers per 100 inhabitants (Wire-","79.60","106.33","89.97","98.94","101.27"
"less and Fixed)","","","","",""
"Bits per second per capita (Bps/person)","22,932.25","27,865.02","64,710.08","93,733.13","110,407.41"
"Broadband subscriptions per 100 inhabitants","40.58","50.26","49.13","56.19","62.20"
"(wireless)","","","","",""
"Broadband subscriptions per 100 inhabitants","41.26","50.98","50.11","51.11","52.11"
"(Fixed and Wired)","","","","",""
