"Unit Prices of Principal Imports",""
"6.21. The unit prices of majority of imported com-","registered an increase included chemical fertilizers"
"modities exhibited increases as presented in Table","(56.1%), iron and steel (50.3%), petroleum products"
"6.10. The unit price of imported road motor vehicles","(49.5%); and animal and vegetable oils (67.5%)."
"rose by 11.6 per cent in 2021 from an average of",""
"","6.22. The import price of automatic data processing"
"KSh 858,435.9 in 2020. The average cost of rubber",""
"","machine averaged KSh 11,348.7 in 2021 compared"
"tyres and tubes rose by 15.9 per cent over the same",""
"","to 2020 where it averaged KSh 14,933.1. The import"
"period. The cost of one tonne of imported non-fer-",""
"","price of one tonne of prefabricated buildings slightly"
"rous metal increased from KSh 330,314.7 in 2020",""
"","declined from an average of KSh 374,460.3 in 2020"
"to KSh 424,628.7, translating to a 28.6 per cent in-",""
"","to KSh 373,608.1 in 2021."
"crease. Other commodities whose unit import prices",""
