"4.12. Table 4.7 shows the selected real principal","from 6.40 per cent in December 2020 to 6.43 per"
"interest rates from 2017 to 2021. Real interest rates","cent in December 2021. The real average interest"
"reflect the real cost of borrowing, savings and return","rate for the 91-day Treasury Bills increased from"
"on investment. The weighted average real interest","1.28 per cent in December 2020 to 1.53 per cent in"
"rate for commercial bank deposits increased to 0.77","December 2021 while the inter-bank rate declined"
"per cent in 2021 from 0.68 per cent in 2020. Com-","further from negative 0.33 per cent in December"
"mercial banks loans and advances rate increased","2020 to negative 0.63 per cent in December 2021."
"Table 4.7: Selected Real Principal Interest Rates, 2017 – 2021",""
