"Table 15.22:","Research License Applications and Licenses Granted by Nationality,"
"","2017/18 - 2020/21....................................................................................................329"
"Table 15.23:","Number of Individual Research Licenses Granted by Nationality, Research"
"","Category and Sex, 2016/17 - 2020/21.....................................................................330"
"Table 15.24:","The Number of Individual Research Licenses Granted by Field of Study and Sex,"
"","2016/17 - 2020/21…………………...................................................………………...331"
"Table 15.25:","Institutional Research Licenses Granted by Field of Study and Nationality,"
"","2016/17 - 2020/21....................................................................................................332"
"Table 15.26:","Government Funding to Universities and Number of Students Funded"
"","2019/20 – 2021/22…................................................................................................333"
"Table 15.27:","Enrolment of Learners in Adult Education Centres by Sex and County,"
"","2019 - 2021...............................................................................................................335"
"Table 16.1:","National Government Expenditure on Health Services, 2017/18 -2021/22….....…..338"
"Table 16.2:","County Governments’ Expenditure on Health Services, 2017/18 – 2021/22…........339"
"Table 16.3:","NHIF Principal Members and Dependents, 2016/17 – 2020/21……...........………..341"
"Table 16.4:","NHF Principal Members by Sector, 2016/17 – 2020/21……...........................……..341"
"Table 16.5;","Annual NHIF Contribution (Receipts) and Benefits Paid Out, 2016/17 - 2020/21….342"
"Table 16.6:","Operational Health Facilities by Level, Type, and Ownership, 2017 -2021…….......343"
"Table 16.7:","Hospital Beds and Cots by Ownership, 2017 – 2021….................................………344"
"Table 16.8:","Mode of Delivery in Health Facilities, 2017-2021….............................................….344"
"Table 16.9:","Uptake of Modern Contraceptives in Health Facilities, 2017 -2021….................…..345"
"Table 16.10:","Cases of Diseases Reported in Health Facilities, 201-2021...........................……..347"
"Table 16.11:","Confirmed COVID-19 Cases and Deaths by Month, 2020-2021…......................….348"
"Table 16.12:","Registered Health Professionals by Cadre, 2017 -2021……………....................….349"
"Table 16.13:","Health Sciences’ Middle Level Graduates from KMTC, 2016/17 – 2020/21……......351"
"Table 16.14","Health Sciences’ Graduates Student Enrollment in Public and Private"
"","Universities by Course and Sex as at 31st December, 2017/18 – 2021/22..............353"
"Table 16.15","Health Sciences’ Graduates in Public and Private Universities by Course"
"","and Sex as at 31st December, 2017/18 – 2021/22………………….........................354"
"Table 16.16","Registered Births by Place of Occurrence, 2017 – 2021…………................………355"
"Table 16.17","Registered Births by Sex, 2017 – 2021……………...........................................……355"
"Table 16.18","Registered Births by Age of the Mother, 2017 – 2021………...................................356"
"Table 1619","Registered Births by Marital Status of the Mother, 2017 – 2021……................……356"
"Table 16.20","Registered Deaths by Place of Occurrence, 2017 -2021……………................……357"
"Table 16.21","Registered Deaths by Sex, 2017 -2021………........................................................ 357"
"Table 16.22","Deaths by Age and Sex of the Deceased, 2017 -2021……............................……..358"
"Table 16.23","Trends of Birth and Death Registration in Kenya, 2017 – 2021…………….........….359"
"Table 17.1:","Crimes Reported to the Police by Category, 2017 - 2021........................................362"
