"Kenya Certificate of Primary Education (KCPE)",""
"15.10.Table 15.5 shows the number of examination centres, candi-","candidates grew by 2.4 per cent to 1,225.6 thousand with thenumber"
"dates by sex and mean scores by subject in KCPE from 2017 to 2021.","of male candidates increasing by 3.3 per cent to 616,296, while that of"
"The school calendar is expected to normalize in 2023 during which","female candidates increased by 2.4 per cent to 609,258. The number of"
"all the examinations will be undertaken as per the calendar year. The","candidates who sat for KCPE rose by 3.0 per cent from 1,179.2 thou-"
"KCPE results reported in this section are for the 2020 and 2021 school","sand in2020 to 1,214.0 thousand in 2021. In 2021, the mean score for"
"years which changed due to the disruption of the school calendar by the","all subjects increased except in English Language, Mathematics, Social"
"COVID-19 pandemic.The number of KCPE examination centres decreased","Studies, and Religious Education."
"from28,467 in 2020 to28,460 in 2021. The number of registered KCPE",""
