"Source: Agriculture and Food Authority, Tea Directorate",""
"* Provisional",""
"1 Obtained by dividing current production by the area four years ago",""
"7.18: Sugarcane: Table 7.15 shows area plant-","cane production increased by 14.3 per cent from 6.8"
"ed, area harvested, production and average yield","million tonnes in 2020 to 7.8 million tonnes in 2021."
"of sugarcane from 2017 to 2021. The area under","This was attributed to improved availability of mature"
"cane production increased by 11.2 per cent to 223.0","cane for harvesting brought about by favourable"
"thousand hectares in 2021 from 200.5 thousand","weather conditions in cane growing areas over the"
"hectares in 2020. The area harvested increased by","year. Consequently, the average yield increased by"
"2.9 per cent from 89.8 thousand hectares in 2020","16.4 per cent from 61.6 tonnes per hectare in 2020"
"to 92.4 thousand hectares in 2021. Similarly, total","to 72.0 tonnes per hectare in 2021."
