"Table 8.3: Development Expenditure on Water Supplies and Related Services by the National Gov-","","","","",""
"ernment, 2017/18 - 2021/22","","","","",""
"","","","","","KSh  Million"
"Sector","2017/18","2018/19","2019/20","2020/21","2021/22*"
"Water Development","22,532.0","21,253.7","32,247.0","49,486.0","38,972.5"
"Training of Water Development Staff","31.0","60.0","68.0","224.0","233.0"
"Rural Water Supplies","1,442.4","1,260.0","2,548.0","2,440.0","3,469.5"
"Miscellaneous and Special Water Programmes","996.4","720.3","620.0","676.0","100.0"
"National Water Harvesting and Storage Authority","1,660.8","1,150.0","1,380.0","3,325.0","1,780.0"
"Irrigation Development","480.0","1,177.0","713.7","523.0","1,397.0"
"National Irrigation Authority+","3,978.0","5,461.0","6,616.0","8,491.0","10,682.0"
"TOTAL","31,120.6","31,082.0","44,192.7","65,165.0","56,634.0"
