"Sources of Changes in Money Supply",""
"4.9. Table 4.4 presents changes in money supply","National Government and private sector, respective-"
"and their sources for the period 2017 to 2021. Broad","ly. However, the growth in M3 was slowed by KSh"
"Money supply (M3) increased by KSh 244.3 billion","156.8 billion decline in Net Foreign Assets. Foreign"
"as at end of 2021 compared to a growth of KSh","currency deposits and Quasi-money increased by"
"466.9 billion as at end of 2020. The increase in the","KSh 63.0 billion and KSh 53.4 billion, respectively"
"value of M3 was as a result of KSh 398.4 billion and","as at end of the review period."
"KSh 247.3 billion increases in domestic credit to the",""
