"Pre-Primary Education",""
"15.8. Table 15.3 presents pupil enrolment and num-","reduced by 28.0 per cent from 95,241 in 2020 to"
"ber of teachers in pre-primary schools from 2017","68,599 in 2021 partly due to a new scheme of ser-"
"to2021. Pupil enrolment in pre-primary 1 and 2 in-","vice developed by county governments which led"
"creased from 2,832.9thousand in 2020 to 2,845.3","to the phasing out of teachers who did not meet the"
"thousandin 2021, with enrolment of boys decreas-","required qualifications."
"ingby 1.0 per cent, while that of girls increased by 1.9",""
"per cent. The number of teachers trained underCBC",""
"Table 15.3: Pupil Enrolment and Number of Teachers in Pre-primary Schools, 2017 – 2021",""
"","Number"
