"Table 6.6: Quantities of Principal Imports, 2017-2021 (Continued)","","","","","",""
"Commodity","Unit","2017","2018","2019","2020","2021*"
"Paper and Paperboard","Tonne","365,370.7","400,137.1","359,150.6","317,842.0","362,717.6"
"Textile yarn.","Tonne","19,696.1","21,917.8","21,828.1","18,874.3","23,436.4"
"Cement Clinkers","Tonne","1,504,626.5","2,016,670.0","1,813,898.4","2,008,427.2","1,065,708.6"
"Iron and steel","Tonne","1,374,712.5","1,313,822.2","1,594,243.5","1,737,982.6","1,711,277.0"
"Non-ferrous metals","Tonne","46,035.8","46,321.9","40,226.0","48,470.2","44,110.4"
"Structures and parts of structures of iron, steel","Tonne","69,821.4","59,363.5","45,920.2","47,972.2","62,565.7"
"or aluminium","","","","","",""
"Hand & machine tools","Tonne","9,471.9","11,932.9","12,731.6","14,438.8","12,590.9"
"Manufactures of base metal, n.e.s","Tonne","45,873.3","45,327.4","42,730.3","45,064.1","43,105.7"
"Industrial Machinery1","-","-","-","-","-","-"
"Agricultural Machinery and Tractors 1","-","-","-","-","-","-"
"Automatic data proccessing machines and","“000’’No","1,245.3","498.4","1,089.2","938.3","1,241.0"
"units thereof","","","","","",""
