"Kenya Certificate of Secondary Education",""
"15.15.Table 15.9 presents number of examination centres and regis-","cent and 10.3 per cent, respectively. Males accounted for 51.0 per"
"tered candidates by sex from 2017 to 2021 and mean grade in KCSE","cent of the total registered KCSE candidates. In 2020 school year,"
"from 2017 to 2020. The 2021 school year ended in March 2022 and","the number of candidates who scored C+ and above increased by"
"the KCSE results are expected to be released at the beginning of May","13.8 per cent from 125,835 in 2019 to 143,142. The number of male"
"2022. The number of KCSE examination centres rose from 10,437","candidates who scored C+ and above accounted for 10.9 per cent"
"in 2020 to 10,612 in 2021. Over the same period, the number of","of the total number of candidates. Number of female candidates with"
"registered KCSE candidates rose by 10.4 per cent to830,991, with","C+ and above increased by 15.2 per cent to 61,987 in 2020, while"
"the number of males and females registering growths of 10.4 per","that of male candidates increased by 12.7 per cent to 81,155 in 2020."
