"3.12. Wage payment in the public sector by type of","bill increased marginally from 21.4 per cent in 2020"
"employer is summarised in Table 3.6. The Teach-","to 21.6 per cent in 2021. Total earnings in County"
"ers Service Commission wage bill rose by 7.6 per","governments registered an increase of 9.4 per cent"
"cent to KSh 259.6 billion and accounted for 34.2","from KSh 165.0 billion in 2020 to KSh 180.5 billion"
"per cent of total public sector wage bill in 2021. The","in 2021. Total wage payments in Parastatal Bodies"
"share of the Ministries and other extra-budgetary","and Corporations Controlled by the Government"
"institutions wage bill to the total public sector wage","recorded an increase of 1.9 per cent each."
"Table 3.6: Total Wage Payments in the Public Sector1, 2017 - 2021",""
