"Economic Survey 2022",""
"Rainfall",""
"8.22.  The  Long  Rains  season  March-April-May","stations which recorded high amounts of rainfalls"
"(MAM) for 2021 were suppressed in most parts of the","were Kericho, Meru, Kisumu and Dagoretti. Garissa,"
"country as shown in Figure 8.2. Kisii station recorded","Lamu and Voi stations recorded quite low rainfall"
"the highest rainfall while Kakamega recorded the","amounts in 2021 compared to their Long-Term Means"
"second highest rainfall amounts in the season. Other","(LTM)."
"Figure 8.2: Long Rains (March-April-May) Performance, 2021",""
"8.23. Figure 8.3 shows the performance of the Short","The highest seasonal rainfall was recorded at Meru"
"Rains for 2021. Analysis of the October-Novem-","station. Other stations that recorded high amounts of"
"ber-December (OND) 2021 seasonal rainfall indicates","rainfall are Embu and Thika. Lodwar station reported"
"that most stations recorded below normal rainfall.","the lowest amounts of rainfall."
"Figure 8.3: Short Rains (October-November-December) Performance, 2021",""
"Source: Kenya Meteorological Department",""
"PAGE 192",""
