"12.13. Table 12.5 presents the bed-nights occupancy","majorly supported by domestic tourism. Bed-nights"
"in hotels, lodges and other rooming houses from","occupancy by nationals from Asia more than doubled"
"2017 to 2021. Overall, the bed-nights occupancy","from 108.7 thousand in 2020 to 228.7 thousand in"
"increased by 45.1 per cent from 3,803.0 thousand","2021.  However,  hotel  bed-nights  occupancy  by"
"in 2020 to 5,517.0 thousand in 2021. Hotel bed-","nationals from Europe declined by 21.9 per cent"
"nights occupancy by residents of Kenya rose by","from 719.0 thousand in 2020 to 561.7 thousand in"
"49.2 per cent from 2,567.0 thousand in 2020 to","2021. The number of hotel bed-nights capacity grew"
"3,829.9 thousand in 2021. This accounted for 69.4","by 33.7 per cent from 21,326.1 thousand in 2020 to"
"per cent of the total hotel bed nights occupancy","28,516.5 thousand in 2021."
"in 2021, an indication that the tourism sector was",""
