"3.10. Wage employment by industry and sex is pre-","per cent of total males engaged, respectively.  On"
"sented in Table 3.4. Male employees in modern sec-","the other hand, majority of female employees were"
"tor wage employment accounted for 60.7 per cent","working in Education accounting for 26.4 per cent of"
"of the total wage employment in 2021. Inter sectoral","total females engaged in the modern sector. Overall,"
"comparison shows that Education, Manufacturing","casual employment registered a growth of 22.0 per"
"and Public administration and defense; compulsory","cent and accounted for 17.5 per cent of the total"
"social security engaged the largest number of males","wage employment."
"accounting for 17.6 per cent, 13.7 per cent and 12.4",""
