"KFS","Kenya Forest Service"
"KG","Kilograms"
"KHIS","Kenya Health Information System"
"K-HMSF","Kenya Household Master Sample Frame"
"KHRO","Kenya Health and Research Observatory"
"KIE","Kenya Industrial Estate"
"KM","Kilometers"
"KMHFL","Kenya Master Health Facility List"
"KMTC","Kenya Medical Training College"
"KNBS","Kenya National Bureau of Statistics"
"KPA","Kenya Ports Authority"
"KPC","Kenya Pipeline Corporation"
"KPHC","Kenya Population and Housing Census"
"KPLC","Kenya Power and Lighting Company"
"KPRL","Kenya Petroleum Refineries Limited"
"KRA","Kenya Revenue Authority"
"KRB","Kenya Roads Board"
"KSh","Kenya Shillings"
"KUCCPS","Kenya Universities and Colleges Central Placement Service"
"KURA","Kenya Urban Roads Authority"
"kV","Kilo Volts"
"KW","Kilo watt"
"KWh","Kilo Watt Hour"
"KWS","Kenya Wildlife Service"
"KYDP","Kenya Youth Development Policy"
"LAPSSET","Lamu Port Southern Sudan-Ethiopia Transport Corridor"
"LIA","Letter of Interim Authority"
"LPG","Liquefied Petroleum Gas"
"LTE","Long Term Evolution"
"LTM","Long Term Mean"
"M1","Narrow Money supply"
"M2","Broad Money supply (Money supplied by CBK, Commercial Banks and"
"","Micro Finance Institutions)"
"M2M","Machine 2 Machine"
"M3","Extended Broad Money Supply(M2 plus Foreign Currency  Holdings by Residents)"
"MAM","March-April-May"
"Mbps","Megabits Per Second"
"MCA","Member of County Assembly"
"MDAs","Ministries, Departments and Agencies"
"MDP","Management Development Programmes"
"MFS","Mobile Financial Service"
"MGR","Meter Gauge Railway"
"MHz","MegaHertz"
"MIA","Moi International Airport"
"MM","Millimitres"
"MMR","Maternal Mortality Ratio"
"MNOs","Mobile Network Operators"
