"Table 17.2:","Crimes Reported to Police by Command Station, 2017-2021..................................363"
"Table 17.3:","Firearms and Ammunition Recovered or Surrendered and Drugs Seized,"
"","2017–2021…............................................................................................................365"
"Table 17.4:","Persons Reported to the Police to have Committed Crimes by"
"","Command Stations and Sex, 2017-2021..................................................................366"
"Table 17.5:","Persons Reported to Have Committed Crimes by Type of Offence and"
"","Sex, 2017-2021........................................................................................................369"
"Table 17.6:","Reports Handled by EACC and Action Taken, 2016/17-2020/21.............................371"
"Table 17.7.","Action Taken on Reports Forwarded to the Office of Director of Public"
"","Prosecution,2016/17-2020/21...................................................................................372"
"Table 17.8.","Value of Public Assets Traced, Recovered and Loss Averted by Ethics and Anti-"
"","Corruption Commission, 2016/17-2020/21...............................................................373"
"Table 17.9:","Environmental Crimes Reported to NEMA, 2017–2021...........................................373"
"Table 17.10:","Registered Murder Cases and Convictions obtained by High Court Station,"
"","2017 - 2021…..........................................................................................................374"
"Table 17.11.","Cases Filed, Disposed of and Pending by various Courts, 2016/17–2020/21.........375"
"Table 17.12:","Distribution of Judicial Officers and Practicing Lawyers, 2017 –2021 .....................376"
"Table 17.13","Persons Committed to Prison by Sex, 2017 – 2021.................................................378"
"Table 17.14","Daily Average Population of Prisoners by Sex, 2017-2021......................................379"
"Table 17.15.","Convicted Persons Committed to Prison by Age and Sex, 2017-2021....................380"
"Table 17.16.","Convicted Prisoners by Type of Offence and Sex, 2017-2021.................................381"
"Table 17.17:","Offenders Serving Probation Sentence, Community Service and Aftercare"
"","by Sex and Type of Offence, 2020 and 2021...........................................................382"
"Table 17.18:","National Police Service, Prisons and Probation Officers, 2017–2021......................383"
"Table 17.19:","Passports and Work Permits Issued, and Foreign Nationals Registered,"
"","2017-2021................................................................................................................384"
"Table 17.20:","New Identity Card Applications Made, Produced and Collected by County,"
"","2017–2021................................................................................................................385"
"Table 17.21.","Refugees and Asylum Seekers by Age and Sex, 2017-2021...................................387"
"Table 17.22:","Registered Refugees and Asylum Seekers by Location and Sex,"
"","2017-2021................................................................................................................388"
"Table 17.23:","Registered Refugees and Asylum Seekers by Country of Origin,"
"","2017 – 2021............................................................................................................. 389"
"Table 17.24:","Child Protection Cases Reported to the Directorate of Children Services by"
"","Sex, 2017 - 2021......................................................................................................390"
"Table 17.25:","Child Protection Interventions by Sex, 2017 -2021…………………………...……….391"
"Table 17.26","Registration of Persons with Disability by Type of Disability and Sex,"
"","2017/18 – 2020/21…................................................................................................392"
"Table 17.27:","Registered Persons with Disability by Type of Disability and Sex as at"
