"Table 9.11(b): Physical Energy Use Table, 2021","","","","","","","","","","",""
"TJ","","","","","","","","","","",""
"INDUSTRIES 
SIEC 
A g r i -","M i n -
M a n u -
 
Electric-
C o n -","Transport 
 Accom-","O t h e r","Public","Undefined  H o u s e -","Accumula-","Rest","of","Flows","to","Total"
"culture","ing 
& 
facturing 
ity, 
Gas, 
struction","and Stor-
m o d a -","C o m -","A d m i n -","holds","tion/Stock","the World","","the  envi-","",""
"","Q u a r -
Steam and","age 
tion and","m e r c i a l","istration","","","","","ronment","",""
"","rying 
Air 
Con-","F o o d","Sectors","and De-","","","","","","",""
"","d i t i o n i n g","Service","","fense","","","","","","",""
"","Supply","A c t i v i -","","","","","","","","",""
"","","ties","","","","","","","","",""
"NATURAL INPUTS:","","","","","","","","","","","-"
