"Registered Kenyan Domains",""
"14.21. Table 14.9 and Figure 14.1 presents regis-","per cent to 298 domains followed by lower and mid-"
"tered Kenyan domains from 2017 to 2021.For the first","dle institutions of learning which increased by 19.6"
"time in five years,the number of registered Kenyan","per cent to 1,002 in 2021. The increase of domains"
"domains decreased from 101,123 in 2020 to 94,526","especially those in the lower and middle institutions"
"in 2021. The decline was partly attributed to users","category, was partly attributed to the reopening of"
"preferring to use international domains such as dot","schools in 2021 after the relaxation of COVID-19"
"com which led to fewer subscribers renewing their","related restrictions. Domain renewal fees declined"
"domain subscriptions.Second Level Domain (SLD)","by 39.7 per cent to KSh 700 in 2021. The number"
"increased by 52.2 per cent from 2,579 domains in","of registrars increased slightly from 190 in 2020 to"
"2020 to 3,924 domains in 2021. Personal websites","194 in 2021."
"and emails registered the largest increase of 63.7",""
