"","Table 3.15b: Consumer Price Indices for Food and Non-Alcoholic Beverages by COICOP Classes,","","","",""
"2019 -2021","","","","",""
"COICOP Classes of Food and Non-Alcoholic","Share (%)","2019","2020","2021","“% Change"
"Beverages Division","","","","","2021/2020”"
"Cereals and cereal products","8.865","106.58","111.75","116.57","4.3"
"Live animals, meat and other parts of slaughtered land","","","","",""
"","4.777","101.61","104.64","114.45","9.4"
"animals","","","","",""
"Fish and other seafood","1.317","105.29","115.90","130.47","12.6"
"Milk, other dairy products and eggs","4.960","103.68","107.11","111.12","3.7"
"Oils and fats","1.738","100.33","102.01","128.18","25.6"
"Fruits and nuts","2.005","112.80","133.36","147.56","10.6"
"Vegetables, tubers, plantains, cooking bananas and","","","","",""
"","6.103","117.93","146.02","164.25","12.5"
"pulses","","","","",""
"Sugar, confectionery and desserts","1.525","100.33","103.49","106.85","3.3"
"Ready-made food and other food products n.e.c.","0.228","107.71","128.02","157.96","23.4"
"Fruit and vegetable juices","0.141","101.15","103.04","107.65","4.5"
"Coffee and coffee substitutes","0.009","101.73","102.35","105.52","3.1"
"Tea, maté and other plant products for infusion","0.344","101.40","103.00","107.13","4.0"
"Cocoa drinks","0.044","100.84","102.16","106.27","4.0"
"Water","0.236","100.81","103.04","105.87","2.8"
"Soft drinks","0.495","102.10","105.05","109.24","4.0"
"Other non-alcoholic beverages","0.001","100.95","102.52","104.74","2.2"
"Services for processing primary goods for food and","","","","",""
"","0.122","100.59","102.19","105.78","3.5"
"non-alcoholic beverages","","","","",""
