"Consumer Price Index",""
"3.23. The annual inflation as measured by the Con-","tutes 9.7 per cent of the total household expenditure"
"sumer Price Index (CPI) increased from 5.4 per cent","recorded the highest inflation rate of 12.3 per cent."
"in 2020 to 6.1 per cent in 2021. The increase was","This was mainly due to increase in prices of petrol"
"mainly due to increase in the prices of fuel and food","and diesel. Food and Non-Alcoholic Beverages Index"
"items.","recorded an inflation rate of 8.5 per cent in 2021."
"","Housing, Water, Electricity, Gas and Other Fuels"
"3.24. Table 3.15a shows changes in Consumer Price",""
"","Index, recorded an annual inflation rate of 4.8 per"
"Indices (CPI) in the broad Classification of Individual",""
"","cent mainly due to increase in prices of kerosene,"
"Consumption by Purpose (COICOP) divisions from",""
"","cooking gas and electricity during the review period."
"2019 to 2021. In 2021, Transport Index which consti-",""
"Table 3.15a: National Consumer Price Indices and Rates of Inflation by COICOP Divisions, 2019 - 2021",""
