"* Provisional",""
"1 Revenue on freight is net revenue having deducted customer discounts",""
"Water Transport",""
"13.20. Volume of traffic handled at the Port of Mom-","13.22. The volume of exports handled at the Port"
"basa is presented in Table 13.8 for the period 2017","of Mombasa increased by 9.7 per cent from 4,205"
"to 2021. Cargo throughput expanded by 1.2 per cent","thousand metric tonnes in 2020 to 4,612 thousand"
"from 34.1 million MT recorded in 2020 to 34.5 mil-","metric tonnes in 2021. The increase in the volume of"
"lion MT in 2021. Similarly, container traffic increased","exports was partly driven by growth in iron ore and"
"from 1,359.6 thousand Twenty-foot Equivalent Units","titanium exports in 2021. Dry bulk exports increased"
"(TEUs) in 2020 to 1,435.3 thousand TEUs in 2021.","by 23.4 per cent from 475 thousand metric tonnes in"
"The number of ships docking at the Port rose mar-","2020 to 586 thousand metric tonnes in 2021. Bulk"
"ginally by 0.9 per cent to 1,635 in 2021 from 1,621","liquid exports dropped by 16.7 per cent to 50 thou-"
"in 2020.","sand metric tonnes during the period under review."
"","The volume of dry general exports rose by 8.3 per"
"13.21. The volume of import traffic decreased slight-",""
"","cent from 3,670 thousand metric tonnes in 2020 to"
"ly from 27,771 thousand metric tonnes in 2020 to",""
"","3,976 thousand metric tonnes in 2021. The volume"
"27,332 thousand metric tonnes in 2021. The decline",""
"","of transit out rose by 19.7 per cent to 868 thousand"
"was mainly attributed to increased local production",""
"","metric tonnes in 2021. The volume of trans-shipment"
"of cement products. The volume of imports of dry",""
"","and restows went up by 22.6 per cent and 8.3 per"
"bulk cargo decreased by 13.2 per cent from 8,254",""
"","cent, to 2,489 thousand MT and 118 thousand MT"
"thousand metric tonnes in 2020 to 7,165 thousand",""
"","respectively, during the period under review."
