"PIN","Personal Identification Number"
"PPI","Producer Price Index"
"PPL","Private Pilot License"
"PSTR","Primary to Secondary Transition Rate"
"PSUT","Physical Supply and Use Tables"
"PSV","Public Service Vehicle"
"PWD","Persons with Disability"
"RBA","Retirement Benefits Authority"
"RRI","Rapid Results Initiative"
"SACCO","Savings and Credit Cooperative Societies"
"SADC","Southern African Development Community"
"SASRA","Sacco Societies Regulatory Authority"
"SDG","Sustainable Development Goals"
"SDR","Special Drawing Rights"
"SEEA","System of Environmental Economic Accounts"
"SGR","Standard Gauge Railway"
"SIEC","Standard Industrial Energy Product Classification"
"SITC","Standard International Trade Classification"
"SLD","Second Level Domain"
"SMAM","Singulate Mean Age at Marriage"
"SMS","Short Messaging Services"
"SNA","System of National Accounts"
"SPL","Student Pilot License"
"SSA","Sub-Saharan Africa"
"SSR","Self-Sufficiency Ratio"
"SUA","Supply and Utilization Account"
"SUT","Supply and Use Tables"
"TEUs","Twenty-foot Equivalent Units"
"TFR","Total Fertility Rate"
"TJ","Tera Joules"
"TSA","Tourism Satellite Account"
"TSC","Teachers Service Commission"
"TV","Television"
"TVET","Technical Vocational Educational Training"
"TVETA","Technical Vocational Education and Training Authority"
"TWI","Trade Weighted Index"
"UAE","United Arab Emirates"
"UHC","Universal Health Coverage"
"UK","United Kingdom"
"UN","United Nations"
"UNWTO","United Nations World Tourism Organization"
"US/USA","United States of America"
"USB","Universal Serial Bus"
"USD","United States Dollar"
"VAC","Violence Against Children"
"VAT","Value Added Tax"
"VHF","Very High Frequency"
