"parts of the country. The October-November-De-","Manufacturing Sector"
"cember (OND) 2021 seasonal rainfall performance","In 2021, real value added in the manufacturing sec-"
"was generally poor over most parts of the country","tor grew by 6.9 per cent compared to a growth of"
"especially over the North-Western and North Eastern","negative 0.4 per cent recorded in 2020. The share"
"parts of the country.","of the manufacturing sector to GDP was 7.2 per cent"
"","while the volume of output expanded by 6.0 per cent"
"","in the same period. The growth was mainly due to"
"Energy Sector","increased production of Other Non-metallic Mineral"
"There was increased demand for oil products in 2021","Products like cement, Leather and Related Prod-"
"leading to a steady rise in the average Murban crude","ucts and Dairy Products sub sectors among others."
"oil prices, from USD 41.45 per barrel in 2020 to USD","However, in the review period decline in production"
"69.72 per barrel in 2021. Consequently, the total","was recorded in Prepared and Preserved Fruits and"
"import bill of petroleum products rose to KSh 348.3","Vegetables, Animal and Vegetable Fats and Oils,"
"billion in 2021 from KSh 209.1 billion in 2020. In con-","Furniture and Pharmaceutical Products sub sectors."
"trast, the value of total exports of petroleum products","The formal employment in the sector increased by"
"declined by 30.6 per cent to KSh 29.5 billion in 2021.","6.7 per cent to 338.0 thousand in 2021 from 316.9"
"","thousand in 2020. Overall annual inflation as mea-"
"Total installed capacity of electricity increased by 5.4",""
"","sured by the Producer Price Index rose by 7.32 per"
"per cent to 2,989.6 MW in 2021 while total effective",""
"","cent to 109.55 in 2021."
"capacity rose by 5.6 per cent to 2,857.6 MW in the",""
"same period. Similarly, total electricity generation","Total credit advanced by both commercial banks and"
"rose by 7.0 per cent to 12,414.7 GWh in 2021, with","industrial financial institutions to the sector increased"
"89.6 per cent of electricity generated from renewable","to KSh 464.0 billion in 2021 from KSh 410.3 billion in"
"sources. Domestic demand increased from 8,796.4","2020. In the same period, total sales by EPZ enter-"
"GWh in 2020 to 9,565.4 GWh in 2021. The number of","prises increased by 21.5 per cent to KSh 98.7 billion"
"customers connected under the Rural Electrification","in 2021. Exports by EPZ enterprises increased by"
"Programme grew from 1,502.9 thousand in 2019/20","22.8 per cent to KSh 91.3 billion in 2021."
"to 1,912.4 thousand in 2020/21. As at 31st December",""
"2021, the country had a stock of 7,676 ckm (circuit",""
"length kilometres) transmission lines with voltages of","Construction Sector"
"between 132kVand 400kV. Additionally, there were","The Construction sector registered a growth of 6.6"
"247,905 ckm of transmission and distribution lines","per cent in 2021 compared to a growth of 10.1 per"
"of between 400/230v and 66kV in the same period.","cent in 2020. Cement consumption rose from 7.4"
"","million tonnes in 2020 to 9.1 million tonnes in 2021"
"","representing an increase of 23.0 per cent. Loans and"
"","advances from commercial banks to the construction"
"","and real estate sectors grew by 0.9 per cent from"
"","KSh 526.5 billion in 2020 to KSh 531.3 billion in 2021."
"There  was  increased  demand  for  oil",""
"","The number of completed public residential buildings"
"products  in  2021  leading  to  a  steady",""
"","constructed by the state Department for Housing"
"rise  in  the  average  Murban  crude  oil","were 431 units at an estimated cost of KSh 741.3"
"prices,  from  USD  41.45  per  barrel  in","million. The total length of roads under bitumen rose"
"","by 2.3 per cent to 21.8 thousand kilometres as at"
"2020 to USD 69.72 per barrel in 2021.",""
"","June 2021, from 21.1 thousand kilometres in June"
"Consequently, the total import bill of",""
"","2020. The Government expenditure on roads is ex-"
"petroleum products rose to KSh 348.3",""
"","pected to increase by 6.1 per cent, from KSh 195.3"
"billion in 2021 from KSh 209.1 billion in","billion in 2020/21 to KSh 207.2 billion in 2021/22."
"2020","Wage employment in the construction sector grew"
