"Postal Services",""
"13.31. Table 13.14 displays performance of postal","drop in the volume of registered and insured items"
"services from 2017 to 2021. The number of post of-","posted from 128 thousand in 2020 to 105 thousand"
"fices rose by 8.4 per cent to 623 in 2021.The number","in 2021."
"of private Courier Operator Outlets and Licensed",""
"","13.33.  Unregistered  correspondence  handled"
"Courier Operators rose by 14.3 per cent and 9.9 per",""
"","dropped by 20.0 per cent from 10 million in 2020 to"
"cent, respectively during the period under review.",""
"","8 million in 2021. Notably, domestic correspondence"
"The number of installed private letter boxes went",""
"","handled dropped by 22.2 per cent while no significant"
"up by 3.8 per cent from 552 in 2020 to 573 in 2021.",""
"","change was recorded in international correspondence"
"The number of rented private letter boxes and pri-",""
"","handled during the review period. The volume of"
"vate bags went up by 7.3 per cent and 3.0 per cent",""
"","parcels handled reduced by 10.7 per cent to 50 thou-"
"respectively, from 2020 to 2021.",""
"","sand in 2021. Domestic parcels posted accounted"
"13.32. The volume of Expedited Mail Service (EMS)","for 67.9 per cent in 2020 compared to 66.0 per cent"
"handled went up by 3.7 per cent from 538 thousand in","of all parcels handled in 2021. The number of money"
"2020 to 558 thousand in 2021. A similar percentage","orders issued declined by 23.6 per cent from 3,156"
"rise was observed in both Accepted and Delivered","thousand in 2020 to 2,412 thousand in 2021."
"EMS in the same period. There was an 18.0 per cent",""
"Table 13.14: Postal Services, 2017 – 2021",""
"Item
Unit","2017
2018
2019
2020
2021*"
