"*Provisional",""
"Quantum Indices",""
"10.5. Details of manufacturing quantum indices","that contributed to this growth includes Other Non-"
"and 
the  respective  percentage  changes 
from","Metallic Mineral Products which includes cement;"
"2017 
to  2021  are  shown 
in  Tables  10.2  and","Leather and Related Products; Dairy Products;"
"10.3 respectively. Table 10.4 presents details on","Motor Vehicle, Trailers and Semi-Trailers; Sugar and,"
"production of selected commodities over the same","Meat and Meat Products. However, the Prepared"
"period. The manufacturing sector volume of output","and Preserved Fruits and Vegetables; Animal and"
"increased by 6.0 per cent in 2021 from a revised","Vegetable Fats and Oils; Manufacture of Furniture"
"growth of 0.2 per cent in 2020. The sub sectors","and Pharmaceutical Products sub sectors recorded"
"","declines during the review period."
