"* Provisional",""
"Quantities of Principal Domestic Exports",""
"6.11. Table 6.5 presents quantities of principal do-","6.12. In contrast, quantities of exported tea declined"
"mestic exports for the period 2017 to 2021. The vol-","from 576.1 thousand metric tonnes in 2020 to 557.3"
"ume of domestic exports of horticultural products","thousand metric tonnes in 2021 on account of re-"
"went up by 15.2 per cent to 682.3 thousand met-","duced tea production. Domestic exports of coffee"
"ric tonnes in 2021. Other products that registered","also declined from 43.4 thousand tonnes in 2020"
"increased quantities of domestic exports include","to 37.5 thousand tonnes in 2021. Quantities of ex-"
"titanium ores and concentrates, cement and soda","ported iron and steel decreased by 7.1 per cent to"
"ash which rose by 11.2, 43.7 and 32.6 per cent to","140.3 thousand metric tonnes in 2021. In addition,"
"444.6,172.5 and 302.5 thousand metric tonnes, re-","the number of exported automatic data processing"
"spectively.","machines more than halved from 14,724 in 2020 to"
"","7,047 in 2021."
