"*Provisional",""
"1Excluding labour",""
"7.11. Agriculture Terms of Trade: Price indices and","from 580.3 in 2020 to 615.7 in 2021. Similarly, the"
"terms of trade for agriculture from 2017 to 2021 are","index of purchased inputs rose from 167.7 in 2020"
"shown in Table 7.8. The general index of agricultural","to 234.3 in 2021, representing a 39.7 per cent rise."
"output prices expanded by 2.3 per cent from 176.5","In general, the agriculture terms of trade worsened"
"in 2020 to 180.6 in 2021. The index of purchased","by 4.7 percentage points from 47.2 per cent in 2020"
"consumer goods in rural areas rose by 6.1 per cent","to 42.5 per cent in 2021."
