"Food Balance Sheet","increased by 1.0 per cent to 1,042.1 thousand calo-"
"7.29. Quality data on food and agriculture is nec-","ries, while supply from animal products increased by"
"essary to understand the food supply situation in a","3.8 per cent to 219.2 thousand calories in 2021. The"
"country, track progress against established develop-","increases were as a result of a rise in caloric supply"
"ment goals, and inform future evidence-based policy","from rice and milk for cereals and animal products,"
"decisions. Food Balance Sheets (FBS) provide a","respectively, in the review period. Per caput daily"
"framework that combines all aspects of a nation’s","caloric supply from proteins declined from 71.1 grams"
"food supply and demand, to enable the validation","in 2020 to 62.1 grams in 2021. Conversely, per caput"
"of the underlying estimates as well as carrying out","daily caloric supply from fats increased by 13.7 per"
"a complete analysis of the individual elements. The","cent to 33.3 grams during the review period."
"2021 FBS presents a comprehensive picture of the",""
"","7.31. The overall Self-Sufficiency Ratio (SSR) in-"
"pattern of Kenya’s food supply. This is achieved",""
"","creased from 88.6 per cent in 2020 to 90.3 per cent"
"within an accounting framework, where all poten-",""
"","in 2021. This was occasioned by increase in produc-"
"tial sources of supply and utilization of a given food",""
"","tion of fishery products. Over the same period, the"
"product are described.",""
"","total Import Dependency Ratio (IDR) decreased to"
"","12.7 per cent compared to 14.5 per cent registered"
"FBS Indicators",""
"","in 2020."
"7.30. Table 7.23 and Figure 7.4 present the food",""
"balance sheet indicators for the period 2017 to 2021.",""
"Total per caput daily caloric supply decreased by 6.0",""
"per cent from 2,232.5 thousand calories in 2020 to",""
"2,098.9 thousand calories. This was mainly due to","The 2021 FBS presents a comprehensive"
"a decline in vegetal products from 2,021.4 thousand",""
"","picture of the pattern of Kenya’s food supply."
"calories in 2020 to 1,879.7 thousand calories in 2021.",""
"","This 
is  achieved  within  an  accounting"
"During the reference period, per caput daily caloric",""
"","framework, where all potential sources of"
"supply from vegetal products accounted for 89.6 per",""
"cent of total supply. Despite the decline in total per","supply and utilization of a given food product"
"caput daily supply of calories, the supply from cereals","are described"
