"* Provisional",""
"Credit to Manufacturing Sector",""
"10.25. Development finance institutions continued","10.26. Manufacturing projects approved by commercial"
"to play a great role in fostering industrial expansion","banks and other financial institutions in 2017 to 2021"
"and  development  through  extension  of  loans.","is presented in Table 10.8. In the year under review,"
"During the year under review, finance institutions","Kenya Development Corporation (KDC) approved"
"experienced an increase in demand for loans and","10 manufacturing projects worth KSh 521.4 million."
"advances due to easing of COVID19 pandemic","The funding was for six start-ups and four expansion"
"restrictions which revived businesses. Table 10.8","projects mainly in dairy processing, water purification"
"shows the approved credits in the manufacturing","and bottling and, nails and wire products."
"sector by both commercial banks and industrial",""
"","Bank 
of 
Kenya 
(DBK) 
10.27.  Development"
"financial institutions from 2017 to 2021. In the",""
"","experienced a rapid increase in demand for loans"
"year  under  review, 
total  credit  approved  by",""
"","and advances in 2021 compared to the year 2020."
"both commercial banks and industrial financial",""
"","The easing of COVID-19 pandemic restrictions revived"
"institutions rose to KSh 464.0 billion from KSh 410.3",""
"","businesses and prompted re-opening of closed ones."
"billion in 2020. The total amount of credit advanced",""
"","In 2021, the bank approved KSh 342.9 million to"
"by industrial financial institutions increased from",""
"","three manufacturing projects mainly in heavy steel"
"KSh 1,096.3 million in 2020 to KSh 1,394.5 million",""
"","components, structural steel works and manufacturing"
"in 2021. Similarly, the total number of projects",""
"","of mattresses. This was an increase of more than"
"funded by these institutions increased from 320 in",""
"","threefold  from  projects  worth  KSh  100.9  million"
"2020 to 328 in 2021.",""
