"Table 15.18: Approved Programmes by Category of Institution, 2017-2021","","","","",""
"","","","","","Number"
"Programme by Category of Institution","2017","2018","2019","2020","2021*"
"Public University Degree Programmes","2,807","3,703","3,605","3,142","3,148"
"Public University Constituent Colleges Degree Programmes","108","79","106","123","144"
"Private University Degree Programmes","630","587","635","667","724"
"Private University Constituent Colleges Degree Programmes","22","33","28","30","24"
"Universities with Letter of Interim Authority Degree Programmes","70","70","87","76","65"
"Registered Private University Degree Programmes","4","0","0","0","0"
"Degree Programmes for Collaboration with Universities","45","4","5","0","0"
"Validated Diploma Programmes1","103","0","0","0","0"
"Diploma Programmes - Public Universities2","..","319","429","0","462"
"Diploma Programmes - Private Universities2","..","215","241","0","704"
"Certificate Programmes - Public Universities2","..","..","148","0","325"
"Certificate Programmes - Private Universities2","..","..","99","0","241"
