"","","","","","Percentage changes"
"Industry","2017","2018","2019+","2020+","2021*"
"Education","10.1","5.6","5.2","175.1","12.3"
"Primary education","7.3","3.7","1.4","77.0","5.3"
"General secondary education","1.0","1.3","2.0","75.8","4.9"
"Higher and other education","1.8","0.6","1.8","22.4","2.0"
"Human health and social work activities","3.5","2.0","2.3","-48.7","1.8"
"Arts, entertainment and recreation","1.0","0.2","0.4","30.8","0.4"
"Other service activities","1.5","1.0","1.4","110.7","2.9"
"Activities of households as employers","0.3","0.2","0.2","-3.9","0.1"
"Financial Intermediation Services Indirectly Mea-","5.3","-2.1","-5.7","-22.7","-2.3"
"sured","","","","",""
"All industries at basic prices","87.0","90.6","93.2","-185.4","87.1"
"Taxes on products","13.0","9.4","6.8","285.4","12.9"
"GDP at market prices","100.0","100.0","100.0","100.0","100.0"
