"13.26. Table 13.11 presents the volume of commer-","thousand tonnes in 2021. The volume of cargo traffic"
"cial cargo and mail traffic handled at Kenyan airports","handled at JKIA rose from 308.1 thousand tonnes"
"between 2017 and 2021. The volume of all cargo","in 2020 to 361.5 thousand tonnes in 2021. Similarly,"
"handled at airports went up by 16.9 per cent from","MIA had a 46.3 per cent rise in cargo traffic to 2.0"
"321.6 thousand tonnes in 2020 to 375.8 thousand","thousand tonnes in 2021. Commercial mail traffic in-"
"tonnes in 2021. The volume of commercial cargo","creased by 20.9 per cent to 1,673.4 thousand tonnes"
"landed declined by 19.6 per cent from 89.6 thousand","with JKIA registering an increase in mail traffic han-"
"tonnes in 2020 to 72.0 thousand tonnes in 2021.","dled from 1.4 thousand tonnes in 2020 to 1.7 thou-"
"Loaded cargo traffic rose by 30.9 per cent to 303.8","sand tonnes in 2021."
