"10.6. The quantity of manufactured and processed","10.9. There was a decline in the production of animal"
"food products increased by 3.1 per cent in 2021","and vegetable and oil by 2.8 per cent in the year"
"compared to a growth of 5.6 per cent in 2020.  The","under review. As shown in Table 10.4 the quantity"
"growth was mainly driven by processing of sugar,","of edible fats and margarine decreased from 285.1"
"meat and meat products, dairy products and bakery","thousand tonnes in 2020 to 275.7 thousand tonnes in"
"products which recorded growths of 16.0, 13.1, 10.8","2021. Similarly, production of cooking oil dropped to"
"and 9.3 per cent, respectively in 2021. However,","254.9 thousand tonnes in 2021 from 260.5 thousand"
"Prepared and Preserved Fruits and Vegetables;","tonnes in 2020."
"and Animal and Vegetable Fats and Oils registered",""
"negative growths in the same period.","10.10. The grain milling sub sector registered a"
"","growth of 6.2 per cent in 2021 compared to 11.7"
"10.7.  Production  of  Meat  and  Meat  Products","per cent in 2020. Production of wheat flour increased"
"recorded a growth of 13.1 per cent in 2021 from","by 14.6 per cent to 1,437.5 thousand tonnes in 2021"
"a drop of 25.6 per cent in 2020. The increase was","as presented in Table 10.4. However, production"
"attributed to increase in production of sausages and","of maize flour declined by 3.4 per cent to 650.1"
"similar meat products by 37.0 per cent in the year","thousand tonnes in 2021. Manufacture of Bakery"
"under review. Processing and Preserving of Fish","Products increased by 9.3 per cent in 2021 from"
"registered a growth of 6.3 per cent in 2021. Prepared","a  3.3  per  cent  drop  in  2020. The  growth  in  the"
"and Preserved Fruits and Vegetables and Food","sub sector was a result of increased production of"
"Products not elsewhere classified recorded negative","biscuits from 13.6 thousand tonnes in 2020 to 13.9"
"growth of 14.0 and 5.8 per cent, respectively in 2021.","tonnes in 2021 and production of bread and other"
"","bakers ware by 10.3 per cent in the period under"
"in  2021 
registered  a 
10.8.  Dairy  production","review. In the same period Prepared Animal Feeds"
"significant growth of 10.8 per cent compared to","increased by 4.3 per cent. Production of Cocoa,"
"a negative growth of 6.7 per cent in 2020. The","Chocolate  and  Sugar  Confectionary  Products"
"growth was mainly due to increase in production","increased by 2.6 per cent in 2021."
"of processed milk from 456.8 million litres in 2020",""
"to 509.0 million litres in 2021 as shown in Table","10.11. The Beverages and Tobacco sub sector grew"
"10.4.  The quantity of sugar produced rose to 700.2","by 9.2 per cent in the year under review. Production"
"thousand tonnes in 2021 representing a growth of","of beverages went up by 8.4 per cent on account"
"16.0 per cent. Production of Food Products not","of increased production of spirits and beer by 21.3"
"elsewhere classified which comprises of coffee","per cent, bottled water not sweetened or flavoured"
"and tea among others dropped by 5.8 per cent in","by 3.5 per cent while other non-alcoholic caloric"
"the year under review with the production of milled","beverages (soda) grew by 6.1 per cent. In the same"
"coffee and tea decreasing by 6.5 and 5.6 per cent,","period production of tobacco products grew by 12.9"
"respectively in 2021.","per cent."
