"","","","","Current Prices, KSh Million",""
"Industry","2017","2018","2019+","2020+","2021*"
"Insurance activities","124,423","142,315","157,755","180,550","238,926"
"Real estate","792,515","881,622","946,732","995,910","1,072,543"
"Professional, scientific and technical activities","154,320","163,959","175,882","159,387","172,246"
"Administrative and support service activities","83,429","97,502","108,875","92,681","104,962"
"Public administration and defence","442,962","493,180","541,367","592,610","632,165"
"Education","365,477","399,515","431,876","413,026","515,129"
"Pre-primary and Primary education","184,303","208,393","215,329","209,901","250,175"
"General secondary education","98,828","109,878","119,592","110,004","149,977"
"Higher and other education","82,346","81,245","96,955","93,121","114,976"
"Human health and social work activities","175,811","188,778","197,969","213,215","232,623"
"Arts, entertainment and recreation","22,440","24,541","27,056","19,936","23,440"
"Other service activities","122,146","135,539","144,894","124,226","142,637"
"Activities of households as employers;","59,870","65,710","68,917","72,064","75,121"
"Financial Intermediation Services Indirectly","-241,384","-215,414","-226,631","-218,991","-241,849"
"Measured (FISIM)","","","","",""
"All economic activities","7,754,323","8,531,502","9,371,398","9,848,354","11,110,660"
"Taxes on products","729,074","808,805","866,330","867,680","987,540"
"GDP at market prices","8,483,396","9,340,307","10,237,727","10,716,034","12,098,200"
"* Provisional","","","","",""
