"Table 10.2: Quantum Indices of Manufacturing Production, 2017-2021","","","","",""
"","","","","","Base: 2017=100"
"Industry Divisions and Groups Descriptions","2017","2018","2019","2020","2021*"
"Meat and Meat Products","100.0","106.0","117.1","87.1","98.5"
"Processing and preserving of fish","100.0","107.1","100.9","93.4","99.3"
"Prepared and Preserved Fruits and Vegetables","100.0","104.1","86.1","81.7","70.2"
"Animal and Vegetable Fats and Oils","100.0","108.4","115.2","116.3","113.0"
"Dairy Products","100.0","121.9","127.2","118.6","131.5"
"Grain Mill Products","100.0","105.4","109.7","122.5","130.1"
"Prepared Animal Feeds","100.0","96.6","100.5","103.9","108.4"
"Industry Divisions and Groups Descriptions","2017","2018","2019","2020","2021*"
"Bakery Products","100.0","114.5","113.3","109.5","119.7"
"Sugar","100.0","130.6","117.2","160.5","186.2"
"Cocoa, Chocolate and Sugar Confectionery","100.0","97.6","106.6","108.8","111.7"
"Food Products not elsewhere classified","100.0","110.5","105.7","110.6","104.2"
"Total Food Products","100.0","110.2","109.9","116.1","119.7"
"Beverages","100.0","105.7","113.6","92.8","100.5"
"Tobacco Products","100.0","106.3","114.7","98.3","111.0"
"Beverages and Tobacco","100.0","105.8","113.8","93.7","102.3"
"Textiles","100.0","100.5","116.1","105.1","106.9"
"Wearing Apparel","100.0","96.2","98.5","91.7","96.3"
"Leather and Related Products","100.0","125.8","124.9","106.4","123.0"
"Wood and Products of Wood","100.0","92.4","117.1","140.1","154.4"
"Paper and Paper Products","100.0","93.0","95.8","85.5","94.5"
"Printing and Production of Recorded Media","100.0","111.2","135.8","105.9","122.4"
"Refined Petroleum Products","100.0","106.6","110.4","103.6","108.4"
"Chemical and Chemical Products","100.0","101.6","108.5","110.4","115.6"
"Pharmaceutical Products","100.0","108.1","113.2","115.2","114.4"
"Plastic Products","100.0","114.3","118.0","116.8","119.1"
"Other Non-metallic Mineral Products","100.0","98.2","97.6","117.1","144.3"
"Basic Metals","100.0","106.3","109.5","103.7","106.5"
"Structural Metal Products","100.0","91.1","93.3","86.9","95.7"
"Fabricated Metal Products,except machinery and","","","","",""
"","100.0","103.1","102.9","113.2","122.1"
"equipment","","","","",""
"Electrical Equipment","100.0","100.7","84.3","74.8","76.5"
"Machinery and Equipment nec","100.0","105.0","110.1","108.5","112.7"
"Motor Vehicle, Trailers and Semi Trailers","100.0","98.5","139.1","128.0","152.2"
"Motorcycles","100.0","100.0","100.0","100.0","100.0"
"Manufacture of furniture","100.0","121.9","108.0","104.3","100.6"
"Other Manufacturing","100.0","102.5","102.2","106.0","107.5"
"Repair and Installation of Machinery and Equipment","100.0","102.6","109.2","122.4","130.3"
"Overall","100.0","106.7","110.0","110.2","116.7"
