"Railway Transport",""
"13.16. Table 13.7 (a) highlights Meter Gauge Railway","more than doubled from 1,899 thousand in 2020"
"(MGR) traffic for 2017 to 2021. The volume of cargo","to 4,498 in 2021. Consequently, the revenue from"
"transported via MGR declined marginally from 652","MGR passenger service rose significantly from KSh"
"thousand tonnes in 2020 to 644 thousand tonnes","83 million in 2020 to KSh 234 million in 2021. The"
"during the period under review. This was mainly due","upsurge was mainly attributed to easing of COVID-19"
"to a decline in import volumes of steel, one of the","containment measures in the country, continued"
"main commodities transported using the MGR. De-","revamping of Nairobi Commuter Rail (NCR) ser-"
"spite the drop in cargo haulage, there was a slight","vices through the full operationalization of 11 Diesel"
"increase in revenue from MGR cargo stream from","Multiple Units (DMU) and the introduction of new"
"KSh 1,114 million in 2020 to KSh 1,118 million in 2021","routes to Limuru and Lukenya. The re-introduction"
"partly due to ferrying of high value cargo.","of the Nairobi - Kisumu Safari Train in December"
"","2021 partly contributed to improved revenue in the"
"13.17. The number of passenger journeys by MGR","MGR passenger service."
