"increased expenditure on petroleum products, iron","tonnes in 2020 to 537.8 thousand tonnes in 2021,"
"and steel, animal fats and oils; and vehicles. Simi-","due to unfavourable weather conditions. However,"
"larly, earnings from total exports grew for the second","the volume of sugar cane deliveries increased from"
"consecutive year to KSh 743.7 billion in 2021. Hor-","6.8 million tonnes in 2020 to 7.8 million tonnes in"
"ticultural products, articles of apparel and clothing","2021, largely attributed to improved cane availability"
"accessories; titanium ores and concentrates were","in most of the sugar zones. The volume of horticul-"
"some of the commodities that drove the increase in","tural exports increased by 4.5 per cent from 313.7"
"export earnings.","thousand tonnes in 2020 to 405.5 thousand tonnes"
"","in 2021. During the review period, the volume of"
"The faster growth of imports compared to exports,",""
"","marketed milk increased by 26.6 per cent from 682.3"
"resulted to a widening of the balance of trade deficit",""
"","million litres in 2020 to 801.9 million litres. Overall"
"from KSh 999.9 billion in 2020 to KSh 1,407.6 billion",""
"","value of marketed agricultural production increased"
"in 2021. Earnings from total exports could only cater",""
"","by 4.3 per cent from KSh 505.3 billion in 2020 to KSh"
"for 34.6 per cent of the country’s imports, during the",""
"","527.0 billion in 2021."
"year under review.",""
"The widening balance of trade deficit in general",""
"","Environment and Natural Resources"
"merchandise trade resulted in a deterioration of the",""
"","The Gross Value Added from the Environment and"
"current account balance from a deficit of KSh 510.1",""
"","Natural Resources sector grew by 17.0 per cent to"
"billion in 2020 to a deficit of KSh 663.0 billion in 2021.",""
"","stand at KSh 435.7 billion during the review period,"
"This was despite a KSh 92.8 billion surplus in the",""
"","from KSh 372.5 billion recorded in the year 2020. The"
"services account and a KSh 671.6 billion surplus in",""
"","contribution of the Environment and natural resources"
"the secondary income account, in 2021. Remittances",""
"","sector to the Gross Domestic Product (GDP) for the"
"continued to register robust growth, with inflows of",""
"","period under review stood at 3.6 per cent, compared"
"KSh 413.3 billion in 2021.",""
"","to a contribution of 3.5 per cent in 2020."
"Net inflows of the financial account more than dou-",""
"","Development expenditure for Rural Water Supplies"
"bled during the period under review from KSh 289.5",""
"","is expected to increase from KSh 2.4 billion to KSh"
"billion in 2020 to KSh 684.6 billion in 2021, following",""
"","3.5 billion as the Government invests more in rural"
"increased disbursements of other investments. There",""
"","water projects. Value of fish landed from various"
"was a buildup of Reserve Assets from a drawdown",""
"","sources recorded an increase of 16.0 per cent from"
"of KSh 87.5 billion in 2020 to a buildup of KSh 127.3",""
"","KSh 26.2 billion in 2020 to KSh 30.4 billion in 2021"
"billion in 2021 following increased disbursements,",""
"","with fish production from freshwater fish sources"
"including Special Drawing Rights (SDR) allocations",""
"","accounting for 76.8 per cent of the total value of fish"
"by the International Monetary Fund (IMF).",""
"","landed during the review period. There was a 33.0"
"","per cent increase in the value of mineral production"
"Agriculture Sector",""
"","during the review period which was largely attribut-"
"In 2021, agriculture sector recorded mixed perfor-",""
"","ed to increase in value of output from Titanium ore"
"mance. The sector recorded a contraction of 0.1 per",""
"","mineral concentrates from KSh 19.5 billion in 2020"
"cent in 2021 compared to a growth of 5.2 per cent",""
"","to KSh 25.6 billion in 2021. Total forest area stood"
"in 2020. The observed performance was attributed",""
"","at 5,225.8 thousand hectares with a forest cover of"
"to erratic and poorly distributed long rains as well as",""
"","8.83 per cent during the review period."
"inadequate short rains. Aggregate maize production",""
"decreased from 42.1 million bags in 2020 to 36.7",""
"","An assessment of the rainfall recorded from 1st"
"million bags in 2021. Coffee production declined by",""
"","March to 31st May 2021 indicates that the rainfall"
"6.0 per cent from 36.9 thousand tonnes in 2019/20 to",""
"","performance was near average to below average"
"34.5 thousand tonnes in 2020/21 crop year. Tea pro-",""
"","over most parts of the country. The distribution, both"
"duction declined by 5.6 per cent from 569.5 thousand",""
"","in time and space, was generally poor over most"
