"Table 3.7: Average Wage Earnings per Employee, 2017- 2021 (Continued)","","","","",""
"","","","","","KSh"
"","2017","2018","2019","2020","2021*"
"PUBLIC  SECTOR:","","","","",""
"Agriculture, forestry and fishing","421,219.1","433,001.5","479,060.9","511,470.3","515,093.2"
"Mining and quarrying","406,580.2","427,174.7","479,654.5","519,280.4","522,339.7"
"Manufacturing","867,806.5","901,742.0","986,737.4","1,048,868.9","1,041,861.6"
"Electricity, gas, steam and air conditioning supply","1,322,016.5","1,345,282.0","1,457,147.2","1,518,954.8","1,529,985.0"
"Water supply; sewerage, waste management","","","","",""
"","629,225.0","621,391.7","652,965.2","669,139.8","669,044.7"
"and remediation activities","","","","",""
"Construction","729,244.4","730,392.5","810,870.0","864,611.3","874,117.1"
"Wholesale and retail trade; repair of motor vehi-","","","","",""
"","1,260,480.7","905,075.5","990,747.7","1,050,195.5","1,060,093.0"
"cles and motorcycles","","","","",""
"Transportation and storage","1,628,432.0","1,671,761.2","1,882,677.1","2,031,354.9","2,111,985.1"
"Accommodation and food service activities","1,587,634.9","1,777,768.7","2,120,817.5","2,444,728.7","2,476,497.1"
"Information and communication","764,701.5","789,519.2","873,650.3","930,604.3","937,081.9"
"Financial and insurance activities","1,629,590.0","1,719,491.1","1,899,332.6","2,234,029.6","1,967,098.4"
"Real estate activities","-","-","-","-","-"
"Professional, scientific and technical activities","834,240.7","874,685.9","983,002.0","1,179,367.83","1,192,971.91"
"Administrative and support service activities","-","-","-","-","-"
"Public administration and defence; compulsory","","","","",""
"","618,767.3","644,614.1","653,355.0","640,562.08","672,170.89"
"social security","","","","",""
"Education","604,281.7","663,712.9","712,026.1","692,751.03","706,234.91"
"Human health and social work activities","1,373,201.2","1,437,515.9","1,594,048.1","1,753,909.14","1,864,526.43"
"Arts, entertainment and recreation","772,221.8","793,547.2","867,878.1","916,337.61","921,767.23"
"Other service activities","-","-","-","-","-"
