"Table 11.1:  Selected Key Economic Indicators in the Construction Sector, 2017 - 2021","","","","","",""
"Indicator","Unit","2017","2018","2019","2020","2021*"
"Reported Real Value of Private Building","","","","","",""
"","KSh Million","443.1","466.2","471.7","476.2","464.5"
"Works Completed in Nairobi City County1","","","","","",""
"Reported Real Value of Public Building","","","","","",""
"","KSh Million","59.4","57.9","38.5","70.8","63.2"
"Works Wompleted by the SDH1","","","","","",""
"Government Expenditure on Roads","KSh Million","388.0","415.4","592.9","494.8","534.6"
"Cement consumption","000 tonnes","5,857.9","5,948.7","6,129.1","7,375.6","9,098.4"
"Private Employment+","000 persons","204.9","213.4","212.7","212.4","217.3"
"Public Employment","000 persons","8.5","8.6","8.8","9.1","9.2"
"Loans and Advances from Commercial","","","","","",""
"","KSh Million","482,717.0","482,725.0","489,889.0","526,489.0","531,294.0"
"Banks to the sector2","","","","","",""
