"7.26. Agricultural Training: Table 7.21 shows","were no students enrolled in agricultural diploma"
"enrolment in agricultural courses at various public","courses at Egerton University during the period under"
"institutions for the period 2017 to 2021. The sector","review as the university did not get students from the"
"recorded an overall decrease in enrolment in agri-","Kenya Universities and Colleges Central Placement"
"cultural courses with enrolment at the degree level","Service (KUCCPS). Most students opted to join Tech-"
"decreasing by 8.3 per cent to 18,668 in 2021. There","nical and Vocational Education and Training (TVET)"
"","institutions where they get government sponsorship"
"","and loans from HELB. Bukura Institute of Agriculture"
"","recorded an increase of 2.0 per cent in the number of"
"","students enrolled in diploma courses in 2020 to 1,477"
"Most students opted to join Technical and",""
"","in 2021. Under the certificate category, enrolment at"
"Vocational Education and Training (TVET)",""
"","Naivasha Dairy Training Institute more than doubled"
"institutions  where  they  get  government","from 146 students in 2019 to 329 students in 2021,"
"sponsorship and loans from HELB","following missed admissions in 2020."
