"Table 14.11:","Employment, Investment and Revenue, 2017-2021................................................296"
"Table 14.12:","Key Indicators for Measuring Information Society, 2017-2021.................................297"
"Table 14.13:","International Trade in ICT Equipment, 2017-2021....................................................298"
"Table 14.14:","Local Daily/Weekly Newspapers in Circulation, 2017 – 2021...................................299"
"Table 14.15:","Cyber Security Advisories and Reported Online Crimes, 2017- 2021………........…300"
"Table 15.1:","Expenditure for the Education Sector, 2017/18 - 2021/22........................................305"
"Table 15.2:","Educational Institutions by Category, 2017 – 2021...................................................306"
"Table 15.3:","Pupil Enrolment and Number of Teachers in Primary Schools, 2017 – 2021...........307"
"Table 15.4:","Primary School Enrolment by Class and Sex, 2017 – 2021.....................................309"
"Table 15.5:","Number of Examination Centres, Candidates by Sex and Mean Scores"
"","by Subject in KCPE, 2017-2021...............................................................................310"
"Table 15.6:","Registered KCPE Candidates with Special Needs by Type of Disability and"
"","Sex, 2017 – 2021......................................................................................................311"
"Table 15.7:","Public Primary School Teachers by Qualification/Category and Sex,"
"","2017 - 2021...............................................................................................................313"
"Table 15.8:","Enrolment in Secondary Schools by Class and Sex, 2017 – 2021...........................314"
"Table 15.9:","Number of Examination Centres, Candidates by Sex and KCSE Mean Grade,"
"","2017 - 2021...............................................................................................................315"
"Table 15.10:","Number of Registered KSCE Special Needs Candidates by Type of Disability"
"","and Sex, 2017 – 2021……..................................................................................…..316"
"Table 15.11:","Teachers in Public Secondary Schools and Teacher Training Colleges by"
"","Qualification/ Category and Sex, 2017 – 2021.........................................................317"
"Table 15.12:","Teacher Trainees Enrolment by Year of Study and Sex, 2017 - 2021......................318"
"Table 15.13:","Enrolment in TVET Institutions by Sex, 2017 – 2021...............................................319"
"Table 15.14:","Government Sponsored Students Placed to Universities and TVET"
"","Institutions by Programme and Sex, 2017/2018 - 2021/2022...................................320"
"Table 15.15:","University Enrolment by Sex, 2018/19 – 2021/22.....................................................321"
"Table 15.16:","University Enrolment of Diploma and Certificate Courses Students by Sex,"
"","2019/20 – 2021/22....................................................................................................323"
"Table 15.17:","Registration of Universities and Other Institutions Offering Degree"
"","Programmes by Category, 2017 - 2021....................................................................324"
"Table 15.18:","Approved Programmes by Category of Institution, 2017 - 2021...............................325"
"Table 15.19:","HELB Loan Applicants, Beneficiaries and Amount of Loans Awarded by"
"","Sex, 2016/17 – 2020/21............................................................................................362"
"Table 15.20:","HELB Bursary Applicants, Beneficiaries and Amount Awarded by Sex,"
"","2016/17 – 2020/21…................................................................................................328"
"Table 15.21:","Government Capitation to HELB, HELB Loan Repayments and"
"","Loans / Bursaries Awarded, 2016/17 - 2020/21........................................................329"
