"Sectoral Analysis","the economy and increased demand. The sector"
"","recorded an accelerated growth of 6.9 per cent"
"Agriculture, Forestry and Fishing",""
"","in  2021  compared  to  0.4  per  cent  contraction"
"2.3.  There was a slowdown in performance of",""
"Agriculture, Forestry and Fishing activities in 2021","in 2020. The food sub- sector expanded by 5.5"
"compared  to  2020.  This  was  mainly  attributed","per cent while the non-food sector grew by 8.8"
"to unfavourable weather conditions which led to","per cent, respectively in the review period. In the"
"reduction in crop production in the review period.","manufacture of food products, activities that posted"
"The current ban on logging activities continued to","notable increase in 2021 included; processing of"
"affect sales from government forests which led to","sugar (16.0%); meat and meat products (13.1%);"
"a reduction in forestry activities thereby curtailing","dairy products (10.8%); and bakery products (9.3%)."
"the sector’s growth. The sector’s real Gross Value","However,  manufacture  of  preserved  fruits  and"
"Added (GVA) contracted by 0.2 per cent in 2021","vegetables,and that of animal and vegetable fats"
"compared to 4.6 per cent growth in 2020. There was","and oils declined during the review period."
"decline in production of most of the key food crops",""
"","2.7. Most of the activities of manufacture of non-food"
"in the review period. Maize production declined by",""
"","products registered growths in 2021. Some of the"
"12.8 per cent from 42.1 million bags in 2020 to 36.7",""
"","non-food activities that posted significant increases"
"million bags in 2021. Beans and wheat production",""
"","include; manufacture of other non-metallic mineral"
"declined by 14.0 per cent and 39.4 per cent to stand",""
"","products (23.2%); manufacture of leather and related"
"at 7.4 million bags and 245.3 thousand tonnes,",""
"","products (15.6%) and manufacture of motor vehicle,"
"respectively in 2021. Production of drought resistant",""
"","trailers and semi-trailers (18.9%). Credit advanced"
"crops declined significantly as evidenced by 57.1",""
"","to enterprises in the manufacturing sector increased"
"per cent reduction in sorghum production. However,",""
"","from KSh 409.3 billion in 2020 to KSh 463.0 billion"
"total production of potatoes increased by 10.5 per",""
"","in 2021."
"cent to 2.1 million tonnes in 2021.",""
"","Construction"
"2.4. There was mixed performance in the production",""
"","2.8. Performance of the construction sector was"
"of cash crops during the review period. The volume",""
"","relatively slower in 2021 compared to 2020. The"
"of coffee and tea produced declined by 6.4 per cent",""
"","sector expanded by 6.6 per cent in 2021 compared"
"and 5.6 per cent, respectively in 2021. The value",""
"","to a growth of 10.1 per cent in 2020. The growth was"
"of horticulture exports increased from KSh 150.2",""
"","mainly supported by continuous public investment"
"billion in 2020 to KSh 157.7 billion in 2021. During",""
"","in  road  infrastructure.  Some  of  the  major  road"
"the review period, horticultural output; key among",""
"","construction activities that boosted performance of"
"them the cut flowers, benefitted from better export",""
"","the sector include the Nairobi expressway and the"
"prices offered in the export market. The volume of",""
"","rehabilitation of Longonot-Malaba railway line. The"
"cane deliveries increased by 14.7 per cent from 6.8",""
"","sector’s performance, albeit not as strong as in 2020"
"million tonnes in 2020 to 7.8 million tonnes in 2021.",""
"","was evidenced by a 23.4 per cent increase in cement"
"2.5. The performance of the sector was somewhat","consumption from 7,375.6 thousand tonnes in 2020"
"saved from a steeper contraction by increased","to 9,098.4 thousand tonnes in 2021. However, the"
"dairy activities where the volume of marketed milk","quantity of imported iron and steel, non- ferrous"
"increased from 682.3 million litres in 2020 to 801.9","metals and cement clinkers was reduced in 2021."
"million litres in 2021.","The quantity of imported cement clinker declined"
"","by 46.9 per cent to 1.1 million metric tonnes in"
"Manufacturing","2021 while that of non-ferrous metal decreased"
"2.6. Activities in the manufacturing sector were","from 48,470.2 tonnes in 2020 to 44,110.4 tonnes in"
"more vibrant in 2021 compared to 2020. This was","2021. Credit advanced to the construction sector"
"mainly on account of the relaxation of COVID-19","expanded by 1.9 per cent to KSh 121.9 billion in"
"containment measures which saw reopening of","the review period."
