"Table2.12b: Gross Fixed Capital Formation, 2017-2021","","","","",""
"","","","","","Percentage Changes (growth)"
"Type of Asset","2017","2018","2019+","2020+","2021*"
"Dwellings","4.3","5.4","5.2","16.3","10.9"
"Buildings other than dwellings","4.4","5.5","5.3","16.4","10.8"
"Other structures","12.6","5.0","8.3","2.6","1.5"
"Transport equipment","19.5","-6.8","11.7","-20.6","43.0"
"ICT equipment","8.8","-21.9","8.4","-1.9","5.2"
"Other machinery and equipment","6.1","-4.0","-5.5","-9.4","4.7"
"Animal resources yielding repeat","-52.0","48.1","-35.5","95.9","-3.6"
"products","","","","",""
"Tree crop and plant resources yield-","1.7","2.6","0.5","-0.7","-13.5"
"ing repeat products","","","","",""
"Intellectual property products","-6.9","-34.8","-45.5","-16.1","-25.4"
"Total","8.0","-0.4","4.5","2.5","10.9"
