"","","","","0","0"
"","50","","50","","18
18"
"","","","","000	Tonnes	
000	Tonnes","Value	in	KSh	Billion
Value	in	KSh	Billion"
"","45","","45","44
44",""
"","","","","","16
16"
"","","","","41.7
41.7",""
"","","","","7.22 Irrigation: Table 7.18 presents data on the","Mwea irrigation scheme increased by 4.8 per cent,"
"","40","","40","performance of various irrigation schemes across the","largely attributed to effi  cient water distribution and"
"","","","","","37.9
37.9
14
14"
"","","","","country from 2016/17 to 2020/21. During the review","good crop husbandry during the review period. There"
"","","","","35.8","35.8
35.8
35.8"
"","","","","period, area cropped increased by 1.3 per cent to","were notable improvements in paddy production from"
"","","","","34.5
34.5",""
"","35","","35","",""
"","","","","32.0 thousand hectares, while the number of plot","Bunyala and Bura schemes. The value of paddy"
"","","","","","12
12"
"","","","","holders increased by 38.9 per cent to 23.7 thousand","output from all schemes increased from KSh 10.5"
"","","","","","30.6
30.6"
"","","","","in 2020/21. Paddy production rose by 2.8 per cent to","billion in 2019/20 to KSh 11.1 billion in 2020/21, while"
"","30","","30","",""
"","","","28.3","28.3",""
"","","","","186.0 thousand tonnes in 2020/21, with production","payment to plot-holders increased from KSh 5.8"
"","","","","","10
10"
"","","","","from Mwea Irrigation Scheme accounting for 80.0","billion in 2019/20 to KSh 6.6 billion in 2020/21."
"","25","","25","per cent of total production. Paddy production in",""
"'000	Tonnes","","'000	Tonnes","","18.3
18.3",""
"","","","","","KSh	Billion
KSh	Billion
8
8"
"","20","","20","",""
"","","","","","6
6"
"","15","","15","",""
"","","","","PAGE 163",""
"","","","","","4
4"
"","10","","10","",""
