"Table 14.11: Employment, Investment and Revenue, 2017 - 2021","","","","","",""
"","Type of Operators","2017","2018","2019","2020","2021*"
"","Telecommunication Operators1","6,907","7,016","8,639","8,728","9,163"
"Employment","","","","","",""
"","Internet Service Providers (ISPs)2","9,031","10,803","10,035","11,315","12,395"
"(Number)","","","","","",""
"","Cable Tv operators","..","..","..","303","364"
"Annual Investment3","Telecommunication Operators1","38.7","41.5","57.5","35.6","45.9"
"(KSh Billion)","","","","","",""
"","ISPs2","1.5","2.6","2.4","2.7","3.2"
"Annual Revenue3 (KSh","Telecommunication Operators1","247.3","270.5","283.2","300.9","301.0"
"Billion)","","","","","",""
"","ISPs2","21.3","29.9","36.5","40.0","64.7"
