"Educational Institutions",""
"15.7. The number of educational institutions by cat-","secondary schools rose by 0.9 per cent from 10,390"
"egory from 2017 to 2021 is shown in Table 15.2.The","in 2020 to 10,482 in 2021.The total number of Tech-"
"total number of schools grew by 1.4 per cent from","nical and Vocational Education and Training (TVET)"
"88,506in 2020 to 89,747 in 2021.Number of regis-","institutions grew by 4.1 per cent to2,396 in 2021,"
"tered pre-primary schools increased from 46,652in","while national polytechnics remained at 12 in 2021."
"2020 to 46,671 in 2021.In the same period, the num-","During the review period, National Defence Univer-"
"ber of primary schools increased by 3.6 per cent to","sity-Kenya was given a charter, thus increasing the"
"32,594in 2021, mainly due to rise in the number of","number of public universities to 32."
"private primary schools at 11.9 per cent. Number of",""
