"Table 7.8: Price Indices and Terms of Trade for Agriculture, 2017– 2021","","","","","",""
"","","","","","","Base: 2001=100"
"","","2017","2018","2019","2020","2021*"
"General Index of Agricultural","","180.1","173.8","167.3","176.5","180.6"
"Output Prices","","","","","",""
"PRICE PAID","","","","","",""
"","Purchased Inputs","208.1","196.0","192.1","167.7","234.3"
"","Index of Purchased Consumer","513.1","536.5","558.0","580.3","615.7"
"","Goods-Rural Areas","","","","",""
"INDICES OF PRICES PAID","","360.6","366.3","375.1","374.0","425.0"
"","Agricultural Sector Terms of Trade(%)","49.9","47.5","44.6","47.2","42.5"
