"Employment, Investment and Revenue",""
"14.25. Table14.11 presents details on employment,","14.26. The value of investment by telecommunication"
"investment and revenue of telecommunication op-","operators went up by 28.9 per cent to KSh 45.9 billion"
"erators and Internet Service Providers (ISPs) from","while that of ISPs grew by 18.5 per cent to KSh 3.2"
"2017 to 2021. The number of telecommunication","billion in 2021. Revenue earned by telecommunica-"
"sector employees increased by 5.0 per cent to 9,163","tion operators grew marginally from KSh 300.9 billion"
"while that of the internet service providers increased","in 2020 to KSh 301.0 billion in 2021."
"by 9.5 per cent to 12,395 in 2021.The increase was",""
"primarily driven by the demand for ICT services and",""
"the increase in Internet Service Providers (ISPs).",""
