"Developments in the Energy Sector",""
"Rural Electrification","2021. Additionally, there were 247,905 ckm of trans-"
"9.28. The number of customers connected under the","mission and distribution lines of between 400/230v"
"rural electrification programme grew from 1,502.9","and 66kv in the same period. In 2021, 400/220/132kV"
"thousand in 2019/20 to 1,912.4 thousand in 2020/21,","Olkaria-Lessos-Kisumu transmission line was com-"
"mainly drawn from domestic and small commercial","pleted with a circuit length of 617.8 kilometres. Ad-"
"categories. Revenue realized increased by 3.0 per","ditionally, System Reinforcement Isinya 400/220kV"
"cent from KSh 10.1 billion in 2019/20 to KSh10.4","substation was completed in the review period. The"
"billion in 2020/21.","country intends to increase transmission lines further"
"","by 2,577 kilometres of circuit length in 2022."
"Electricity Generation and Transmission",""
"9.29. The Government through KenGen expects to","Oil Exploration"
"complete the Olkaria 1 Unit 6 geothermal powerplant","9.31. In 2021, there were thirteen Hydro Carbon"
"in 2022. This additional unit is estimated to utilize the","discoveries, with oil discoveries having been made"
"excess steam in Olkaria 1 with an expected capacity","in the Tertiary Rift Basin. Additionally, gas discoveries"
"of 83.3 MW. Further, there are six geothermal, solar","were made in off shore Lamu Basin, Anza Basin and"
"and wind power plants expected to be completed","Mbawa 1 well while Sunbird 1 well had both oil & gas"
"between 2026 and 2030 with a combined expected","discoveries Three blocks in Offshore Lamu Basin"
"capacity of 367.5 MW. Olkaria and Eburru Geother-","and Anza Basin have since been surrendered back"
"mal Resource had a combined energy equivalent of","to the Government."
"97.2 Exajoules in 2021.",""
"","9.32. Plans are underway to have an integrated field"
"9.30. The country had a stock of 7,676 ckm (circuit","development plan. The proposed development is to"
"length kilometers) transmission lines with voltages","cover 10 discovery fields. Field development will be"
"of 132kV, 220kV and 400kV as of 31st December","in two phases with phase1 development targeting"
"","mature resources with a plateau of 120,000-bopd"
"","while phase 2 targets maturing of the remaining six"
"","field to extend plateau. The total land requirement for"
"","the upstream development area and the 84km water"
"The Government through KenGen expects to","pipeline is approximately 22,000 acres and 614 acres"
"","respectively. The Lokichar Lamu crude oil pipeline"
"complete the Olkaria 1 Unit 6 geothermal",""
"","project is currently at project development stage"
"powerplant in 2022. This additional unit is",""
"","(PreFID), Front End Engineering Design (FEED) is"
"estimated to utilize the excess steam in",""
"","complete and the Environmental and Social Impact"
"Olkaria 1 with an expected capacity of 83.3",""
"","Assessment (ESIA) report submitted to NEMA for"
"MW","approval."
