"","","","","","Minutes ‘000"
"","2017","2018","2019","2020","2021*"
"International Calls","","","","",""
"a. Total International Outgoing Telephone Traffic","453,610","437,827","447,342","492,451","549,893"
"International Outgoing Mobile (b+c)","446,760","422,012","432,421","481,955","544,535"
"International Outgoing Fixed","6,850","15,815","14,921","10,496","5,358"
"b.  Mobile Traffic to East African Countries (EAC)","189,167","197,133","207,326","230,272","286,385"
"c.  Mobile traffic to other countries","257,593","224,879","225,095","251,683","258,150"
"d. Total International Incoming     Telephone","603,110","599,523","606,687","531,985","487,310"
"Traffic","","","","",""
"International Incoming Mobile (e+f)","593,810","569,425","582,102","512,657","471,212"
"International Incoming Fixed","9,300","30,098","24,585","19,328","16,098"
"e. Mobile Traffic from East African Countries (EAC)","184,368","265,756","320,677","285,557","267,714"
"f.  Mobile traffic from other countries","409,441","303,669","261,425","227,100","203,498"
"Total International  Telephone Traffic  (a+d)","1,056,720","1,037,351","1,054,029","1,024,436","1,037,203"
"Voice Roaming","","","","",""
"(i) Roaming by Home Subscribers Abroad (Out-","161,459","192,763","240,678","341,840","474,224"
"bound Roaming)","","","","",""
"(ii)  Roaming by Foreign Subscribers Abroad","140,149","169,550","226,741","211,785","176,347"
"(Inbound Roaming)","","","","",""
