"Employment",""
"3.3. Total employment outside small scale agricul-","workers engaged in the modern sector increased"
"ture and pastoralist activities stood at 18.3 million","by 4.9 per cent in 2021 compared to a decline of"
"persons as shown in Table 3.1. Wage employment","4.1 per cent recorded in 2020. The informal sector"
"in the modern sector recorded a growth of 6.0 per","created 753.8 thousand jobs accounting for 81.4 per"
"cent to 2.9 million in 2021. In the year under review,","cent of the total jobs created outside of small-scale"
"the modern sector created a total of 172.3 thousand","agriculture and pastoralist activities."
"jobs. The number of self-employed and unpaid family",""
