"3 Excludes cash balances of KSH. 36.30 billion for the FY 2019/20",""
"5.19. County Governments’ expenditure by economic","Over the same period, outlay on use of goods and"
"classification for the period 2017/18 to 2021/22","services is expected to increase by 24.4 per cent to"
"is shown in Table 5.14. The total expenditure is","KSh 100.5 billion from KSh 80.8 billion. Expenditure"
"expected to grow from KSh 425.0 billion in 2020/21","on acquisition of non-financial assets is estimated"
"to KSh 514.3 billion in 2021/22, a growth of 21.0 per","at KSh 120.8 billion, a 38.2 per cent increase in"
"cent. Expenditure on compensation of employees is","2020/21, with expenditure on building and structures"
"estimated to increase by 9.8 per cent from KSh 169.7","category estimated to rise by 36.9 per cent to KSh"
"billion to KSh 186.4 billion during the same period,","100.3 billion in 2021/22."
"accounting for 36.2 per cent of the total expenditure.",""
