"Source: Higher Education Loans Board",""
"Research and Development",""
"15.31. The number of researchlicense applications","decreased from 6,112 in 2019/20 to 5,153 in 2020/21."
"and licenses granted by the National Commission for","The number of African Non-EAC research license ap-"
"Science, Technology, and Innovation (NACOSTI),dis-","plicants increased by 34.5 per cent to 78 in 2020/21."
"aggregated by nationality from 2017/18 to 2020/21","License applications by Non-African Nationals re-"
"is presented in Table 15.22. Thenumber of research","duced from 240 in 2019/20 to 190 in 2020/21, while"
"license applications declined by1.5 per cent to 5,985","the licenses granted declined by 31.5 per cent to"
"in 2020/21, while the total number of licenses granted","183 in the same period."
