"","","2019","","","2020","","","2021*",""
"","Local","","International","Local","","International","Local","","International"
"Number of conferences","4,743","","218","1,176","","28","8,117","","292"
"Number of delegates","696,863","","72,011","80,139","","1,044","164,928","","9,093"
"Number of delegate days","778,355","","135,110","317,569","","19,321","626,726","","49,060"
"Number of delegate days available","7,233,512","","7,233,515","6,510,163","","6,510,163","8,585,293","","8,585,293"
"Percentage Occupancy","10.8","","1.9","4.9","","0.3","7.3","","0.6"
"Conference Capacity Utilization (Percentage)","","12.6","","","5.2","","","7.9",""
