"Fisheries",""
"8.8. The quantity and value of fish landed are shown","enforcing stricter controls on fishing methods during"
"in Table 8.5. In 2021, total fish output increased from","breeding periods."
"151.3 thousand tonnes in 2020 to 163.6 thousand",""
"","8.9. Total revenue generated from fish landed in-"
"tonnes. Fish landed from fresh water sources rose",""
"","creased from KSh 26.2 billion in 2020 to KSh 30.4"
"by 8.5 per cent to 136.3 thousand tonnes in 2021.",""
"","billion in 2021. Earnings from fresh water fish land-"
"Similarly, marine fish output increased by 6.2 per",""
"","ed grew from KSh 20.6 billion in 2020 to KSh 23.3"
"cent to 27.3 thousand tonnes in 2021. The increase",""
"","billion in the year under review accounting for 76.8"
"was attributed to continued optimal exploitation of",""
"","per cent of the total value of fish landed."
"fishery resources on a sustainable basis through",""
