"in 2020/21. The growth was attributed to placement","15.28. The Government continuedto provide support"
"of more students pursuing degree courses by the","to students enrolled in TVET institutions undertaking"
"Government in private universities. The number of","technical and vocational courses through provision"
"loan beneficiaries from private universities increased","of loans. The total number of TVET students loan"
"by 5.8 per cent to 37,599 in 2020/21, with 85.5 per","applicants declinedby 15.0 per cent from 135,046"
"cent of all loan applicants from private universities","in 2019/20 to 114,737 in 2020/21.The number of"
"being awarded loans. The amount of loansawarded","student loan beneficiaries increased by 3.6 per cent"
"to loan applicants from private universities declined","from 102.1 thousand in 2019/20 to 105.8 thousand in"
"from KSh 1.7billion in 2019/20 to KSh 1.6 billion in","2020/21. Total amount of loans awarded to students"
"2020/21.","decreasedby 2.5 per cent to KSh 4.0 billion in the"
"","review period."
