"Marketed Output",""
"7.3. Table 7.2 shows earnings from marketed agricul-","ilarly, earnings from tea increased by 3.2 per cent"
"tural output for the period 2017 to 2021. Overall, the","from KSh 122.2 billion in 2020 to KSh 126.1 billion"
"value of marketed agricultural production increased","in 2021. The effect of higher prices offered for mar-"
"by 4.3 per cent from KSh 505.3 billion in 2020 to KSh","keted tea outweighed the effect of lower quantities,"
"527.0 billion in 2021. Crops contributed the highest","resulting in higher earnings in the year under review."
"share of marketed production in 2021, at 69.3 per","Earnings from sugar cane increased by 12.6 per"
"cent. This was largely driven by better prices for most","cent from KSh 25.2 billion in 2020 to KSh 28.4 billion"
"of the commodities.","in 2021. Earnings from pyrethrum flowers almost"
"","doubled from KSh 57.0 million in 2020 to KSh 100.0"
"7.4. Earnings from coffee increased significantly from",""
"","million in 2021, attributed to increased production."
"KSh 10.8 billion in 2020 to KSh 18.6 billion in 2021.",""
"This was attributed to the twin effect of increased","7.5. The value of marketed maize decreased by 16.7"
"quantity of marketed coffee and higher prices. Sim-","per cent from KSh 8.2 billion in 2020 to KSh 6.9"
"","billion in 2021 as a result of lower maize production"
"","in the review period. The value of marketed wheat"
"","increased from KSh 10.3 billion in 2020 to KSh 10.4"
"","billion in 2021. The higher prices for wheat more than"
"Earnings from coffee increased significantly",""
"","offset the effect of lower volumes of the crop. The"
"from KSh 10.8 billion in 2020 to KSh 18.6","value of horticultural exports increased by 5.0 per"
"billion in 2021. This was attributed to the","cent from KSh 150.2 billion in 2020 to KSh 157.7"
"","billion in 2021, partly explained by higher quantities"
"twin effect of increased quantity of marketed",""
"","exported despite lower international prices during"
"coffee and higher prices. Similarly, earnings",""
"","the year under review. The value of marketed milk"
"from tea increased by 3.2 per cent from KSh",""
"","increased by 48.2 per cent from 22.7 billion in 2020"
"122.2 billion in 2020 to KSh 126.1 billion","to 33.7 billion in 2021, mostly due to better prices"
"in 2021","coupled with higher volumes of the produce delivered"
