"Table 6.12: Value of Total Imports1 by Broad Economic Category, 2017-2021 (Continued)","","","","",""
"","","","","","KSh Million"
"","2017","2018","2019","2020","2021*"
"Food and Beverages","14.40","9.98","10.34","10.73","9.89"
"Industrial Supplies (Non-Food)","31.76","34.58","33.44","38.88","38.59"
"Fuel and Lubricants","16.28","19.19","18.50","13.66","17.48"
"Machinery and other Capital Equipment","17.90","16.47","17.97","16.96","15.61"
"Transport Equipment","11.37","10.72","10.55","9.95","9.31"
"Consumer Goods not elsewhere specified","8.00","8.43","8.66","9.56","8.92"
"Goods not elsewhere specified","0.30","0.64","0.54","0.26","0.20"
"TOTAL","100.00","100.00","100.00","100.00","100.00"
