"3.14. Table 3.8 presents the percentage change","other service activities recorded the highest increase"
"in wage employment and average earnings for the","in average earnings by 48.5 per cent."
"periods 2021/2016 and 2020/2021. During the five-",""
"","3.16. Real average earnings present the effects of"
"year period from June 2016 to June 2021, total wage",""
"","inflationary pressures on workers’ earnings over a"
"employment rose by 8.4 per cent. The public sector",""
"","period. Table 3.9 shows the estimated real average"
"recorded a growth in wage employment of 19.2 per",""
"","earnings for the period 2017 to 2021. This gives the"
"cent compared to a growth of 4.0 per cent recorded",""
"","real value of their earnings given the prevailing infla-"
"in the private sector.",""
"","tion rates. Overall real average earnings decreased"
"3.15. Annual average earnings for employees in the","by 3.8 per cent to 718.8 thousand in 2021. Real"
"modern sector have risen by 31.6 per cent over the","average earnings per annum in the private sector"
"five-year period. The public sector average earnings","decreased by 3.8 per cent to KSh 720.4 thousand in"
"rose by 22.0 per cent compared to 33.7 per cent for","2021 while in the public sector it declined by 3.7 per"
"the private sector. In the private sector, employees in","cent to KSh 715.8 thousand over the same period."
