"University Education",""
"15.20. The number of Government sponsored students to universities","128,083 in 2021/22, and accounted for 48.3 per cent of all students spon-"
"and programmes in TVET institutions bythe Kenya Universities and Col-","sored by the Government.Placement at middle level colleges and TVET"
"leges Central Placement Service (KUCCPS) from 2017/18 to 2021/22is","institutions rose by 44.8 per cent to 137,012 in 2021/22,constituting 51.7"
"shown in Table 15.14. The number of studentsplaced to undertake de-","percent of all student placements sponsored by Government. In 2021/22"
"gree, diploma, certificate and artisan courses in universities, middle level","academic year, total placement of female students rose by 25.1 per cent"
"colleges and TVET institutions is expected to increase by 21.9 per cent","to 130,970, while that of male students rose by 19.0 per cent to 134,122."
"from 217,440 in 2020/21 to 265,095 in 2021/22 academic year. This was","In the review period, the number of students placed to pursue certificate"
"mainly driven by increased number of students enrolled in TVETinstitu-","and artisan courses increased by 28.9 per cent to 40,876 and 53.2 per"
"tions. Students’placement at the universities increased by 4.3 per cent to","cent to 9,869, respectively."
