"Enrolment in TVET Institutions",""
"15.19. Information on student enrolment in Technical and Vocational","Polytechnic recorded a substantial increase in enrolment from 3,706 in"
"Education and Training (TVET) institutions by sex from 2017 to 2021 is","2020 to 8,617 in 2021.Enrolment in other TVET institutions rose by 10.2"
"presented in Table 15.13. Overall enrolmentin TVET institutions grew","percent to 401.1thousand in 2021.During the review period, enrolment"
"by10.4 per cent from 451.2 thousand in 2020 to 498.3 thousand in 2021.","of students in Vocational Training Colleges increased by 8.9 per cent"
"Total male students in TVET institutions accounted for 57.2 per cent","to 163.0 thousand. Similarly, enrolment of students in Public Technical"
"of the total enrolmentat 284.9 thousand. Enrolment in national poly-","Training and Private Technical Training institutes increased by 16.0 per"
"technics increased by 11.6 per cent to 97,237in 2021 compared with a","cent to 150,927 and 3.4 per cent to 87,157, respectively."
"declineof 14.7 per cent in 2020. During the review period, Kisii National",""
