"COMESA","Common Market for Eastern and Southern Africa"
"CPC","Central Product classifications"
"CPI","Consumer Price Indices"
"CPIMS","Child Protection Information Management Systems"
"CPL","Commercial Pilot License"
"CT-OVC","Cash Transfer for Orphans and Vulnerable Children Fund"
"CT-PWSD","Cash Transfer to Persons with Severe Disabilities"
"CTU","Cane Testing Units"
"DBK","Development Bank of Kenya"
"DDoS","Distributed Denial of Service"
"DES","Dietary Energy Supply"
"DHIS","District Health Information System"
"DMU","Diesel Multiple Units"
"DSL","Digital Subscriber Line"
"DTSs","Deposit Taking Savings and Credit Cooperatives"
"DWT","Deadweight Tons"
"EA","Environmental Audit"
"EAC","East African Community"
"EACC","Ethics and Anti-Corruption Commission"
"EAs","Enumeration Areas"
"ECDE","Early Childhood Development Education"
"EIA","Environmental Impact Assessment"
"EIB","European Investment Bank"
"EMDE","Emerging Market and Developing Economies"
"EMS","Expedited Mail Service"
"EOPS","Early Oil Pilot Scheme"
"EPP","Emergency Power Producers"
"EPRA","Energy and Petroleum Regulatory Authority"
"EPZ","Export Processing Zone"
"EPZA","Export Processing Zones Authority"
"EU","European Union"
"FAO","Food and Agriculture Organization"
"FBO","Faith Based Organization"
"FBS","Food Balance Sheet"
"FDI","Foreign Direct Investment"
"FGM","Female Genital Mutilation"
"FM","Frequency Modulation"
"FOB","Free On Board"
"FP","Family Planning"
"FSDK","Financial Sector Deepening Kenya"
"FttH","Fibre to the Home"
"FttO","Fibre to the Office"
"FY","Financial Year"
"GB","General Business"
"GDP","Gross Domestic Product"
"GFCF","Gross Fixed Capital Formation"
"GNDI","Gross National Disposable Income"
