"Table 13.14: Postal Services, 2017 – 2021","","","","","",""
"Item","Unit","2017","2018","2019","2020","2021*"
"Post Offices","No.","623","592","585","575","623"
"Private Courier Operator Outlets","No.","997","1,027","666","788","901"
"Licensed Courier Operators","No.","186","216","229","262","288"
"Total Private Letter Boxes:","","","","","",""
"Installed","‘000","444","549","552","552","573"
"Rented","‘000","365","373","375","370","397"
"Private Bags Rented.","No.","846","439","531","542","558"
"Total EMS Items Handled:","‘000","1,950","851","898","538","558"
"Accepted","‘000","1,000","444","572","269","279"
"Delivered","‘000","950","407","326","269","279"
"Total Registered and Insured Items Posted:","‘000","881","696","543","128","105"
"Domestic","‘000","745","609","469","93","75"
"International","‘000","136","87","74","35","30"
"Unregistered correspondence handled","Millions","61","74","85","10","8"
"Domestic","Millions","53","56","62","9","7"
"International","Millions","8","18","23","1","1"
"Parcels handled","‘000","68","66","56","56","50"
"Domestic - Posted.","‘000","54","38","23","38","33"
"International - Posted","‘000","14","28","33","18","17"
"Money Orders Issued:","‘000","1,085","2,658","1,194","3,156","2,412"
"Domestic (IFS)","‘000","420","260","0","23","18"
"PostaPay","‘000","665","2,398","1,194","3,132","2,393"
"Inter-state (IFS)","‘000","0.2","0.1","0","0","0"
