"Table 5.2: Analysis of Key Fiscal Ratios, 2017/18 - 2021/22","","","","",""
"","2017/18","2018/19","2019/20*","2020/21+","2021/22+"
"Gross operating balance as a % of  Revenue","-29.28","27.35","-37.17","-45.15","-27.20"
"Gross operating balance as a % of  Acquisition of Non","-238.15","-258.09","-642.19","-881.39","-613.47"
"financial assets (net)","","","","",""
"Ratio of  Acquisition of Non financial assets (net)  to","10.87","9.59","0.05","0.04","0.04"
"Current Expenditure","","","","",""
"Net lending/Borrowing as % of  Revenue","-41.58","-37.95","-31.38","-40.02","-22.77"
"Net lending/Borrowing as % of  Total Expenditure","-25.23","-22.88","-22.88","-27.58","-17.90"
"External Grants and Loans as % of  Acquisition of Non","199.26","199.36","323.95","347.74","291.17"
"financial assets (net)","","","","",""
"Net Short-Term Borrowing as % of  Acquisition of","90.84","38.60","-68.39","-102.36","-69.60"
"nonfinancial assets (net)","","","","",""
"Revenue as % of GDP at Current  Market Prices","17.39","17.69","17.74","16.94","17.36"
"Total Government Expenditure as % of GDP at Current","28.91","30.06","29.30","30.72","27.89"
"Market Prices","","","","",""
"Net lending/Borrowing as % of GDP at Current  Market","-7.41","-6.89","-5.57","-6.78","-3.95"
"Prices","","","","",""
