"Association of South Eastern Asia Nations","2020. The growth was supported by the revival of the"
"1.23. Real GDP in the Association of South Eastern","global demand for iron, which is Mauritania’s main"
"Asia Nations (ASEAN-5) is estimated to have grown","driver of growth. The political and security situation"
"by 2.9 per cent in 2021 compared to a 3.4 per cent","in Libya remained fragile and affected the region’s"
"contraction in 2020, mainly supported by increased","economy in the review period. However, due to the"
"household spending and continued foreign demand.","resumption of oil production, the economy grew by"
"Inflation rose from 1.4 per cent in 2020 to 2.0 per cent","123.2 per cent in 2021 compared to a contraction"
"in 2021. Current account balance as a percentage","of 59.7 per cent recorded in 2020. Current account"
"of GDP narrowed from a surplus of 2.0 per cent in","balance as a percentage of GDP for the region nar-"
"2020 to a 0.6 per cent surplus in 2021. In the pe-","rowed to a deficit of 4.0 per cent in 2021 compared"
"riod under review, all member countries registered","to a 7.9 per cent deficit in 2020."
"positive growths with Vietnam recording the highest",""
"growth of 3.8 per cent followed by Indonesia with","Mashreq"
"a growth of 3.3 per cent. Thailand registered the","1.25. During the period under review, the real GDP"
"slowest growth of 1.0 per cent in the same period.","growth of Mashreq bloc expanded by 2.7 per cent"
"","compared to 1.4 per cent growth in 2020. In Egypt,"
"Maghreb","the real GDP registered a decelerated growth of 3.3"
"1.24. Real GDP growth of the Maghreb was esti-","per cent in 2021 compared to a 3.6 per cent growth"
"mated to have expanded by 14.0 per cent in 2021","recorded in 2020. The decelerated growth was due"
"compared to a 7.9 per cent contraction in 2020. The","to suppressed activities in tourism which is a major"
"rebound was mainly attributed to the restoration of","economic driver in the country. In the period under"
"the global demand, in particular, exports of automo-","review, Iraq and Saudi Arabia reported real GDP"
"tive parts and phosphate coupled with the resumption","growths of 3.6 and 2.8 per cent, respectively. Current"
"of oil production. Inflation rose from 2.3 per cent","account balance as a percentage of GDP for the bloc"
"in 2020 to 6.0 per cent in the period under review,","widened to a deficit of 4.9 per cent in 2021 from a 4.3"
"largely due to persistent supply disruptions. Current","per cent deficit in 2020. Inflation eased slightly to 8.0"
"account balance as a percentage of GDP narrowed","per cent in 2021 from 8.3 per cent recorded in 2020."
"from a deficit of 7.9 per cent in 2020 to a 4.0 per cent",""
"deficit in 2021, due to the increases in oil revenues","Outlook"
"and exports. Tunisia’s economy registered a growth","1.26. The global economy is projected to grow at"
"of 3.0 per cent in 2021 compared to a contraction of","4.4 per cent in 2022 with the world expected to cope"
"8.6 per cent recorded in 2020. The rebound was due","better with the COVID-19 pandemic. The GDP for"
"to the receding of the COVID-19 pandemic which","advanced economies is expected to return to the"
"allowed a resumption of the global economy, espe-","pre-pandemic output path with a projection of 3.9"
"cially in Europe, upon which Tunisia relies heavily.","per cent in 2022, mainly due to withdrawal of fiscal"
"Mauritania recorded real GDP growth of 2.7 per cent","policy support put in place during the onset of the"
"in 2021 compared to a 1.8 per cent contraction in","pandemic. The real GDP for USA economy is pro-"
"","jected to grow by 3.7 per cent in 2022, mainly ow-"
"","ing to easing of supply chain disruptions and strong"
"","consumption growth."
"Real GDP of the Economic and Monetary","1.27. Delivery and administration of COVID-19 vac-"
"","cines in Emerging Markets and Developing Econ-"
"Union of Central Africa (CEMAC) was",""
"","omies (EMDEs) is expected to improve steadily in"
"estimated to have grown by 2.6 per cent",""
"","2022, thus improving the region’s economic pros-"
"during the review period compared to",""
"","pects. The real GDP of EMDEs is projected to grow"
"a contraction of 2.5 per cent in 2020,","by 4.8 per cent in 2022. China’s economy is expected"
"mainly due to the recovery in global trade",""
