"10.16. Plastic Products sub sector recorded 2.0","10.20. Manufacture of Furniture dropped by 3.6"
"per cent growth in the year under review. This was","per  cent  in  2021  mainly  due  to  a  3.6  per  cent"
"attributable to increased production of tableware,","decrease in the production of mattresses. Other"
"kitchenware, other household articles; plastic bags/","Manufacturing sub sector recorded a growth of 1.5"
"sacks; tubes, pipes and hoses; and self-adhesive","per cent. Repair and Installation of Machinery and"
"plates, sheets, film, foil which increased by 9.1,","Equipment registered a 6.5 per cent growth in the"
"7.9, 6.7 and 6.3 per cent, respectively in the year","period under review."
"2021. Production of builders’ ware of plastics and",""
"conveyance/packing of goods dropped by 7.2 and","10.21. The production of Other Non-Metallic Mineral"
"5.0 per cent, respectively in the review period.","Products, which is mainly comprised of cement and"
"","glass bottles, increased by 23.2 per cent in 2021."
"10.17. The Basic Metals sub sector recorded 2.7","Production of glass bottles increased by 6.7 per cent"
"per cent growth in 2021. This was mainly due to","during the review period."
"an increase in production of angles, shapes and",""
"sections of iron/steel; tubes and pipes; and bars","Cement Production and Utilization"
"and rods by 9.6, 3.5 and 1.7 per cent, respectively.",""
"","10.22. Table 10.5 shows the cement production,"
"In the same period, production of galvanized sheets",""
"","imports, and utilization from 2017 to 2021. Cement"
"increased by 1.1 per cent from 247.7 thousand",""
"","production recorded significant growth in the last"
"metric tonnes in 2020 to 250.4 thousand metric",""
"","two  years  occasioned  by  expansions  to  meet"
"tonnes in 2021, as presented in Table 10.4.",""
"","the increased demand in the construction sector."
"","Cement production grew by 23.7 per cent from"
"10.18. Production of Electrical Equipment increased",""
"","7,473.6 
thousand 
tonnes 
in  2020 
to  9,247.7"
"by 2.3 per cent in 2021, on account of an increase",""
"","thousand tonnes in 2021 while consumption and"
"in the production of insulated wires and cables.",""
"","stocks of cement rose by 23.4 per cent to 9,098.4"
"Manufacture of Machinery and Equipment n.e.c",""
"","thousand tonnes in 2021. Cement export to Uganda"
"went up by 3.8 per cent in the period under review.",""
"","and Tanzania during the review period more than"
"","doubled to stand at 30.5 thousand tonnes, this was"
"10.19. The Motor Vehicles, Trailers and Semi-",""
"","in contrast with the previous years where a declining"
"Trailers sub sector registered a significant growth",""
"","trend was observed.  Similarly, export to all other"
"of 18.9 per cent in 2021. This was on account of an",""
"","countries rose significantly by 31.2 per cent to 142.4"
"increase in the number of assembled motor vehicles",""
"","thousand tonnes in 2021. Import of cement rose"
"by 29.3 per cent from 7,725 assembled vehicles in",""
"","marginally to 23.6 thousand tonnes during the same"
"2020 to 9,989 assembled vehicles in 2021. Similarly,",""
"","period."
"production of bodies for motor vehicles; and trailers",""
"and semi-trailers increased by 1.3 per cent and 2.1",""
"per cent, respectively during the review period.",""
