"Values of Principal Imports",""
"6.17. Table 6.8 highlights the values of principal","price of crude petroleum in the international markets."
"import commodities for the period 2017 to 2021.","Increased expenditure was also observed in imports"
"Import expenditure grew from KSh 1,643.6 billion","of food products such as wheat, rice and maize with"
"in 2020 to KSh 2,151.2 billion in 2021. The com-","expenditure on these commodities jointly rising from"
"modities that contributed immensely to the growth","KSh 82.7 billion in 2020 to KSh 107.3 billion in 2021."
"include petroleum products (66.7%), iron and steel",""
"","6.18. Expenditure on imported telecommunication"
"(48.0%), animal and vegetable fats and oils (28.4%),",""
"","equipment; and insecticides and fungicides went"
"industrial machinery (9.9%), and road motor vehicles",""
"","down by 11.5 per cent and 17.6 per cent respectively,"
"(22.5%). Petroleum products accounted for the bulk",""
"","in 2021. Similarly, there was a decline in the value"
"of the import bill, with expenditure on this commodity",""
"","of imports of cement clinkers from KSh 8.6 billion in"
"rising from KSh 201.1 billion in 2020 to KSh 335.3",""
"","2020 to KSh 6.7 billion in 2021."
"billion in 2021 occasioned by the increase in the",""
