"4.15. Credit advanced to the National Government increased by 21.5 per cent from KSh 1,392.1 billion"
"as at the end of December 2020 to KSh 1,691.6 billion as at the end of December 2021. The amount of"
"credit to County Governments increased from KSh 5.7 billion as at the end of December 2020 to KSh 18.3"
"billion as at the end of December 2021. Commercial banks’ credit to enterprises, parastatal bodies and"
"other public entities declined by 4.3 per cent in the review period to KSh 81.9 billion. Credit advanced to"
"manufacturing sector, agriculture, mining & quarrying increased by 13.1, 0.5 and 42.9 per cent, respectively"
"as at the end of December 2021."
