"International Liquidity",""
"6.39. The stock of Special Drawing Rights (SDR)","by 69.2 per cent to KSh 242.2 billion at the end of"
"holdings increased from KSh 2.9 billion as at De-","2021, with the Use of Fund Credit having risen from"
"cember, 2020 to KSh 77.6 billion as at December","KSh 111.0 billion at the end of 2020 to KSh 206.1"
"2021 as highlighted in Table 6.17. This was mainly","billion at the end of 2021. Consequently, net foreign"
"attributable to disbursements from the IMF, includ-","assets of the Central Bank rose by 9.1 per cent to"
"ing SDRs allocations in August, 2021 as part of the","KSh 828.5 billion. The overall effect was an increase"
"COVID-19 relief. The increase in SDR holdings drove","in the stock of Gross Foreign Reserves from KSh"
"the increase in external assets of the Central Bank","905.0 billion at the end of 2020 to KSh 1,072.9 billion"
"from KSh 902.8 billion in 2020 to KSh 1,070.7 billion","at the end of 2021."
"in 2021. Similarly, the stock of external liabilities rose",""
