"2017
-20.0
-20.0","2018
2019","Chapter 3
2020","2021"
"-5.0","","",""
"Self-Empl oyed And Unpaid Family  Work ers","Private Sector
Public Sector
Private Sector
Public Sector","",""
"","","2.2",""
"-10.0","","",""
"","","-9.9",""
"3.9. Employment in the different public sector do-","Service Commission which is the largest employer","",""
"mains is presented in Table 3.3.  Total wage employ-","in the public sector registered a 5.7 per cent growth","",""
"ment in the public sector registered a growth of 4.3","in employment to stand at 349.9 thousand in 2021.","",""
"per cent to 923.0 thousand in 2021 compared to 2.3","During the year under review, employment in County","",""
"per cent recorded in 2020. Employment in Ministries","governments registered a growth of 1.7 per cent","",""
"","Self-Empl oyed And Unpaid Family  Work ers","Private Sector","Public Sector"
"and other extra-budgetary institutions registered the","compared to an increase of 7.7 per cent recorded","",""
"highest growth of 7.1 per cent in 2021. The Teachers","in 2020.","",""
