"15.29.The number of bursary applicants, beneficia-","of applicants awarded bursaries increased by 4.7"
"ries and the amounts awarded by HELB to students","per cent to 20,066 in 2020/21, with the amount of"
"in public universities, private universities and TVET","bursary awarded rising by 4.5 per cent to KSh 100.0"
"institutions from 2016/17 to 2020/21 is shown in Ta-","million. This was mainly on account of a 16.5 per cent"
"ble 15.20. During the year under review, there were","increasein the amount awarded to female students"
"no bursary applicants from universities and TVET","in the review period. Amount of bursary awarded to"
"institutions. The total number of applicants awarded","male students in TVET institutions declined by 2.8"
"bursaries was 39,055 in 2020/21 down from 40,235","per cent to KSh 58.4 million in 2020/21."
"in 2019/20, reflecting a decrease of 2.9 per cent.",""
"Total amount of bursaries awarded declined by 0.6",""
"per cent to KSh 237.1 million in 2020/21. The num-",""
"ber of applicants from public universities awarded",""
"bursaries declined by 13.4 per cent to 15,804 in","The  number  of  applicants 
from  public"
"2020/21.Similarly, the amount awarded decreased","universities  awarded  bursaries  declined"
"by 7.9 per cent to KSh 114.5 million in the review pe-",""
"","by 13.4 per cent to 15,804 in 2020/21."
"riod. Total applicants awarded bursaries from private",""
"","Similarly, the amount awarded decreased"
"universities grew by 12.6 per cent with the amount",""
"","by 7.9 per cent to KSh 114.5 million in the"
"awarded rising by 22.2 per cent to KSh 22.6 million",""
"in 2020/21. In TVET institutions, the total number","review period"
