"15.33. The number of individual research licenses granted by field of study","went down by 27.0 per cent to 214 in 2020/21. Research licenses granted"
"and sex from 2016/17 to 2020/21 is presented in Table 15.24.Generally, there","in the field of humanitiesand social sciences accounted for 66.2 per cent of"
"was a reduction in the number of research licenses granted to researchers","all the individual research licensesduring the review period."
"in all fields of study. The highest drop in the number of research licenses",""
"","15.34. Table 15.25 presents the number of institutional research licenses"
"granted occurred in the field of physical, industrial and energy science at",""
"","granted by field of study and nationality from 2016/17 to 2020/21. The number"
"34.0 per cent in 2020/21. This was mainly on account of a 59.0 per cent",""
"","of institutional research licenses granted increased from 369 in 2019/20 to"
"reduction in number of research licenses granted to female researchers.The",""
"","690 in 2020/21, mainly on account of applications from research institutions"
"number of research licenses granted to male researchers under agriculture",""
"","within the country and East African Community. During the review period,"
"and natural resources sciences increased from 174 in 2019/20 to 181 in",""
"","research licenses were granted to Kenya and otherEACinstitutions, with"
"2020/21. During the review period, the number of licences granted in the",""
"","licensesgranted in the field of Health and Biological Sciences, accounting"
"field of health and biological sciences declined by 18.9 per cent to 1,113. The",""
"","for 58.4 per cent of the total licences in the review period."
"number of research licenses granted under ICTand Infrastructural sciences",""
"Table 15.24: The number of Individual Research Licenses Granted by Field of Study and Sex, 2016/17 - 2020/21",""
