"GNI","Gross National Income"
"GoK","Government of Kenya"
"GSM","Global System for Mobile Communications"
"GVA","Gross Value Added"
"GWh","Giga Watt Hours"
"Ha","Hectares"
"HELB","Higher Education Loans Board"
"HSNP","Hunger Safety Net Program"
"HTTP","Hyper Text Transfer Protocol"
"ICAO","International Civil Aviation Organization"
"ICDC","Industrial and Commercial Development Corporation"
"ICT","Information and Communication Technology"
"ID","Identity Card"
"IDA","International Development Association"
"IDB","Industrial Development Bank"
"IDR","Import Dependency Ratio"
"IEBC","Independent Electoral and Boundaries Commission"
"IFAD","International Fund for Agricultural Development"
"IFS","International Financial Services"
"IIP","Index of Industrial Production"
"ILO","International Labour Organisation"
"IMF","International Monetary Fund"
"IMR","Infant Mortality Rate"
"IMT","International Mobile Telecommunications"
"IP","Internet Protocol"
"IPP","Independent Power Producers"
"IPTV","Internet-Protocol Televisions"
"IRA","Insurance Regulatory Authority"
"ISIC","International Standard Industrial  Classification  of All Economic Activities"
"ISP","Internet Service Provider"
"IT","Information Technology"
"IUCD","Intrauterine Contraceptive Device"
"JKIA","Jomo Kenyatta International Airport"
"KAPU","Kenya Airport Police Unit"
"Kbps","Kilobytes per second"
"KCAA","Kenya Civil Aviation Authority"
"KCB","Kenya Commercial Bank"
"KCPE","Kenya Certificate of Primary Education"
"KCSE","Kenya Certificate of Secondary Education"
"KDB","Kenya Dairy Board"
"KDC","Kenya Development Corporation"
"KE-CIRT/CC","Kenya Computer Incident Response Team/Coordination Centre"
"KenGen","Kenya Electricity Generating Company"
"KenInvest","Kenya Investment Authority"
"KEPH","Kenya Essential Package for Health"
"KeRRA","Kenya Rural Roads Authority"
"KETRACO","Kenya Electricity Transmission Company Limited"
