"to slow to 5.1 per cent in 2022, due to tighter regula-","1.29. The real GDP of ASEAN-5 economy is expected"
"tion on certain sectors of the economy and reduced","to grow by 5.8 per cent in 2022 bolstered by high"
"export support.  Prospects for India are expected to","commodity prices and strong domestic demand. In"
"be much stronger in this group with the economy","Maghreb, the real GDP is expected to be 2.8 per cent"
"projected to grow by 8.1 per cent in 2022, supported","in 2022, while that of Mashreq is projected to grow"
"by the increasing pace of vaccination and inflation","by 4.7 per cent in the same period."
"slowdown, boosting consumers’ sentiments and pro-",""
"tecting purchasing power.",""
"","1.30. Growth in Sub-Saharan Africa is expected to"
"","grow by 3.8 per cent in 2022. In the near term, re-"
"1.28. The real GDP for BRIICS is expected to grow","covery is expected to continue supported by elevated"
"by 4.1 per cent in 2022. Brazil’s real GDP is likely to","commodity prices as activities rebound in the region’s"
"slow to 1.4 per cent due to weak investor confidence","main trading partners. South Africa’s economy is pro-"
"and private consumption.  The real GDP for Indo-","jected to grow by 1.9 per cent in 2022 supported by"
"nesia is projected at 5.2 per cent in 2022 supported","strong domestic demand and investment. Growth in"
"by strong domestic demand and higher commodity","EAC is expected to accelerate to 5.6 per cent in 2022"
"prices. Real GDP for Russia is expected to grow by","due to resumption of the economy and enhanced"
"2.7 per cent in 2022 due to weak domestic demand","rollout of COVID-19 vaccination."
"and geopolitical tensions which will affect its exports,",""
"especially oil, gas and wheat.",""
