"2.20. The components of expenditure on GDP at","remained dominant over the five-year period. Gov-"
"current prices and their respective shares to GDP at","ernment final consumption expenditure increased by"
"market prices are shown in Table 2.7 and Table 2.8,","9.7 per cent to stand at KSh 1,466.4 billionin 2021."
"respectively. Gross domestic expenditure increased","The contribution of Gross Fixed Capital Formation"
"from KSh 11,550.7 billion in 2020 to KSh 13,058.0","(GFCF) to the overall GDP increased by 0.2 percent-"
"billion in 2021. The share of private consumption","age points to stand at 19.6 per cent in 2021."
