"African Growth and Opportunity Act","by 10.5 per cent to 50.4 thousand persons in 2021."
"10.34. Table 10.12 shows performance under the","The value of exports increased by 19.9 per cent from"
"African Growth and Opportunity Act (AGOA). All the","KSh 42.3 billion in 2020 to KSh 50.7 billion in 2021."
"selected indicators under the EPZ garment / apparel","Capital investment increased by 20.7 per cent to KSh"
"sub sector reported growths in 2021. In 2021 the","23.1 billion in 2021."
"number of enterprises increased by 3.6 per cent.",""
"The direct employment in the sub sector increased",""
