"8.5. The development expenditure on water supplies","100.0 million 2021/22 following completion of bore-"
"and related services is summarized in Table 8.3.","holes in informal settlements under the COVID-19"
"Total outlays on water supplies and related services","response programme."
"is projected to decline by 13.2 per cent from KSh",""
"","8.6. Development expenditure for Rural Water Sup-"
"65.2 billion in 2020/21 to KSh 56.6 billion in 2021/22.",""
"","plies is expected to increase from KSh 2.4 billion in"
"This is mainly attributed to the tight fiscal framework",""
"","2020/21 to KSh 3.5 billion 2021/22 as the Govern-"
"during the 2021/22 financial year.  Expenditure on",""
"","ment invests more in rural water projects. Similarly,"
"water development is expected to decrease by 21.2",""
"","Irrigation Development and National Irrigation Au-"
"per cent from KSh 49.5 billion in 2020/21 to KSh",""
"","thority (NIA) are expected to receive a significant"
"39.0 billion in 2021/22 as a result of budget cuts and",""
"","increase in budgetary allocation from KSh 0.5 billion"
"also completion of some major projects. Completed",""
"","and KSh 8.5 billion in 2020/21 to KSh 1.4 billion and"
"projects include: Baricho water supply expansion,",""
"","KSh 10.7 billion, respectively, in 2021/22. However,"
"Baringo South Rural water rehabilitation, Chemususu",""
"","development expenditure for the National Water Har-"
"dam water supply, Vihiga cluster and Murang’a South",""
"","vesting and Storage Authority (NWHSA) is expected"
"water supply projects. Similarly, funding for Miscella-",""
"","to decrease by 45.5 per cent from KSh 3.3 billion in"
"neous and Special Water Programmes is expected",""
"","2020/21 to KSh 1.8 billion in 2021/22."
"to reduce from KSh 676.0 million in 2020/21 to KSh",""
