"","2017","2018","2019","2020","2021*"
"Exports","","","","",""
"Office machines","80.3","154.8","70.1","81.6","63.40"
"Automatic data processing machines, storage units etc","231.8","347.0","498.8","651.4","493.60"
"Part and accessories","29.2","49.4","40.0","36.9","24.10"
"Monitors and projectors and reception apparatus for","251.6","211.7","205.8","108.6","248.51"
"television","","","","",""
"Reception apparatus for radio broadcasting","10.8","22.0","17.6","11.1","16.15"
"Recording equipments","3.0","11.3","2.0","1.8","1.23"
"Telecommunications equipment","653.3","587.9","723.4","513.9","706.42"
"Total","1,260.0","1,384.1","1,557.7","1,405.3","1,553.41"
"Imports","","","","",""
"Office machines","2,194.8","2,115.6","3,291.3","1,006.9","1,251.82"
"Automatic data processing machines, storage units etc","25,233.2","11,725.2","17,955.5","14,012.3","14,084.75"
"Part and accessories","830.0","668.0","680.1","840.0","795.66"
"Monitors and projectors and reception apparatus for","5,857.3","8,073.4","9,684.7","10,735.2","8,699.54"
"television","","","","",""
"Reception apparatus for radio broadcasting","190.6","628.5","309.7","431.7","314.70"
"Recording equipments","572.3","558.2","701.7","323.1","275.58"
"Telecommunications equipment","32,014.7","25,512.0","26,055.2","25,911.6","22,924.28"
"Total","66,892.9","49,281.1","58,678.2","53,260.8","48,346.33"
