"Table 15.22: Research License Applications and Licenses Granted by Nationality, 2017/18 - 2020/21","","","","","","","",""
"","","","","","","","","Number"
"Nationality","2017/18","","2018/19","","2019/20","","2020/21*",""
"","License Ap-","Licenses","License","Licenses","License","Licenses","License","Licenses"
"","plications","Granted","Applications","Granted","Applications","Granted","Applica-","Granted"
"","","","","","","","tions",""
"Kenyan/EAC Citizens","4,162","3,894","6,081","5,289","5,779","5,792","5,717","4,895"
"African Non-EAC","72","62","70","54","58","53","78","75"
"Citizens","","","","","","","",""
"Non-African Nationals","384","286","472","376","240","267","190","183"
"Total","4,618","4,242","6,623","5,719","6,077","6,112","5,985","5,153"
