"Table 5.3:","Comparison of National Government Budget Estimates with Actual Out-turns,"
"","2018/19 – 2021/22...................................................................................................100"
"Table 5.4:","National Government Gross Receipts on the Recurrent Account,"
"","2017/18 - 2021/22.....................................................................................................101"
"Table 5.5:","Import Duty Collections on Selected Categories of Commodities, 2017 – 2021......102"
"Table 5.6:","Excise Revenue Levied on Commodities and Services, 2017 - 2021......................103"
"Table 5.7:","National Government Financing of Non-Financial Assets, 2017/18 - 2021/22.........103"
"Table 5.8:","National Government Expenditure Classification by Functions of"
"","Government, 2018/19- 2021/22................................................................................105"
"Table 5.9:","Economic Analysis of National Government Expenditure, 2017/18-2021/22...........107"
"Table 5.10:","National Government Outstanding Debt by Source, 2017-2021..............................109"
"Table 5.11:","National Government Debt Servicing, 2017/18-2021/22...........................................110"
"Table 5.12:","National Government Debt Service Charges and Earnings from Export of"
"","Goods and Services, 2017/18 2021/22.....................................................................110"
"Table 5.13:","County Government revenue, 2020/21 – 2021/22+..................................................111"
"Table 5.14:","County Governments Expenditure by Economic classification,"
"","2017/18 - 2021/22.....................................................................................................113"
"Table 5.15:","County Governments Expenditures Classified by Functions, 2017/16 - 2021/20.....114"
"Table 5.16:","General Government Consolidated1 Statement of Operations,"
"","2016/17 – 2020/21....................................................................................................115"
"Table 6.1:","Balance of Merchandise Trade, 2017-2021…………............................……………. 118"
"Table 6.2:","Export and Import Price Indices, 2017-2021……………..............………………….. 119"
"Table 6.3:","Terms of Trade, 2017-2021……………………………….......................................… 120"
"Table 6.4:","Quantum Indices, 2017-2021…………………............................................……….. 121"
"Table 6.5:","Quantities of principal Domestic Exports, 2017-2021…………..........................….. 122"
"Table 6.6:","Quantities of principal Imports, 2017-2021………………………...................……… 123"
"Table 6.7:","Values of Principal Domestic Exports, 2017-2021…………………………...........….125"
"Table 6.8:","Values of Principal imports, 2017-2021 ………………………………....................….127"
"Table 6.9:","Unit Prices of Principal Domestic Exports, 2017-2021………………………....……. 129"
"Table 6.10:","Unit Prices of principal imports, 2017-2021……………………………………......…. 131"
"Table 6.11:","Value of Domestic Exports by Broad Economic Category, 2017-2021…….………. 133"
"Table 6.12:","Value of Total Imports by Broad Economic Category, 2017-2021………….………. 134"
"Table 6.13:","Value of Total Exports by Destination, 2017-2021……………...........................….. 136"
"Table 6.14:","Value of Imports by Origin, 2017-2021 …………………..……...................…………139"
"Table 6.15:","Trade with African Countries, 2017-2021………………….…...................…………..142"
"Table 6.16:","Balance of Payments, 2017-2021…………………………………….………........…..145"
"Table 6.17:","Central Monetary Authorities: Foreign Exchange Reserves, 2017-2021……….…. 147"
