"5.20. Table 5.15 details the classification of expen-","ed to grow by 21.3 per cent to KSh 95.2 billion in"
"diture by functions for County Governments, from","2021/22. Expenditure on health is estimated to grow"
"2017/18 to 2021/22. Expenditure on general public","by 7.1 per cent to KSh 116.5 billion while expenditure"
"services is estimated to increase by 32.1 per cent","on education is estimated to grow by 11.4 per cent"
"from KSh 141.8 billion to KSh 187.3 billion in 2021/22,","to KSh 35.9 billion accounting for 22.7 per cent and"
"accounting for 36.4 per cent of the total expenditure.","7.0 per cent of the total expenditure respectively in"
"Expenditure on economic affairs function is expect-","2021/22."
