"1Selected financial aggregates values are deflated using December Consumer Price Indices",""
"Nominal and Real Interest Rates",""
"4.11. During the year under review, the Central Bank","and 5.29 per cent, respectively in December 2020."
"of Kenya retained the Central Bank Rate (CBR) at","However, loans and advances rate increased from"
"7.00 per cent. The 91-day Treasury Bill rate rose to","12.02 per cent in December 2020 to 12.16 per cent"
"7.26 per cent in December 2021 from 6.90 per cent in","in December 2021. The loans-deposit interest rates"
"December 2020. The savings deposit rate, overdraft","spread declined from 5.73 per cent in December"
"rate and the interbank rate reduced to 2.55, 11.45","2020 to 5.66 per cent in December 2021."
"and 5.10 per cent in December 2021 from 2.70, 11.51",""
