"Table 6.18:","Foreign Exchange Rates of the Kenya Shilling against Selected Currencies,"
"","2017-2021.................................................................................................................148"
"Table 7.1:","Agriculture Output and Input1, 2017 -2021...............................................................150"
"Table 7.2:","Recorded Marketed Production at Current Prices, 2017-2021.................................152"
"Table 7.3:","Volume and Price Indices of Recorded Sales of Agricultural Production,"
"","2017 -2021................................................................................................................153"
"Table 7.4:","Average Gross Commodity Prices to Farmers, 2017-2021......................................153"
"Table 7.5:","Recorded Sale of Produce from Large and Small Farms, 2017-2021......................154"
"Table 7.6:","Quantum and Price Indices for Purchased Inputs, 2017 – 2021..............................155"
"Table 7.7:","Value of Purchased Agricultural Input1, 2017 – 2021...............................................156"
"Table 7.8:","Price Indices and Terms of Trade for Agriculture, 2017– 2021.................................156"
"Table 7.9:","Estimated Production of Selected Agricultural Commodities, 2017– 2021...............157"
"Table 7.10:","Average Retail Market Prices of Selected Food Crops, 2017- 2021........................157"
"Table 7.11:","Sale of Selected Crops to Marketing Boards, 2017– 2021.......................................158"
"Table 7.12:","Production and Imports of Wheat, 2017– 2021 .......................................................158"
"Table 7.13:","Production, Area and Average Yield of Coffee by Type of Grower,"
"","2016/2017-2020/21...................................................................................................159"
"Table 7.14:","Production, Area and Average Yield of Tea by Type of Grower, 2017-2021.............160"
"Table7.15:","Area Planted, Area Harvested, Production and Average Yield of Sugarcane,"
"","2017-2021.................................................................................................................160"
"Table 7.16:","Production, Imports and Exports of Sugar, 2017-2021.............................................161"
"Table 7.17:","Exports of Fresh Horticultural Produce, 2017-2021..................................................162"
"Table7.18:","Rice Paddy Production of Irrigation Schemes, 2016/17-2020/21.............................164"
"Table 7.19:","Pyrethrum Flowers and Pyrethrum Extract Production, Prices and value,"
"","2017-2021………......................................................................................................165"
"Table 7.20:","Livestock Slaughtered and Dairy Products, 2017-2021............................................165"
"Table 7.21:","Enrolment in Agricultural Training Courses, 2017-2021...........................................167"
"Table 7.22:","Number of Societies and Unions, 2017 – 2021........................................................169"
"Table 7.23:","Food Balance Sheet, 2017-2021…………………………...........……………………..171"
"Table 7.24 (a):   Food Balance Sheet, 2021.......................................................................................173",""
"Table 7.24 (b):   Food Balance Sheet, 2020.......................................................................................177",""
"Table 8.1:","Trends in Environment and Natural Resources Sector Gross Value Added"
"","at Current Prices, 2017-2021…………………...…........................................……… 182"
"Table 8.2:","Water Purification Points and Boreholes Drilled, 2017/18-2021/22………….....….. 182"
"Table 8.3:","Development Expenditure on Water Supplies and Related Services by"
"","the National Government, 2017/18-2021/22…………………………………….....…. 183"
"Table 8.4:","Annual Volume of Water Abstracted Under Permit, 2017-2021…………….….…… 183"
