"6.34. Table 6.15 presents trade with other African","26.0 per cent over the review period. In 2021, export"
"countries for the period 2017 to 2021. Total exports","earnings from the COMESA region amounted to KSh"
"to Africa rose by 25.6 per cent from KSh 246.1 bil-","124.8 billion, representing an increase of 23.2 per"
"lion in 2020 to KSh 309.3 in 2021. The East African","cent from the previous period. The growth was partly"
"Community (EAC) accounted for 62.2 per cent of the","contributed by increased exports to the Democratic"
"total value of exports to the Africa continent, growing","Republic of Congo which exhibited an increase of"
"from KSh 158.3 billion in 2020 to KSh 192.4 billion","KSh 10.2 billion from the previous year. However,"
"in 2021. This growth was largely on an account of","export earnings from Sudan declined from KSh 8.3"
"increase in exports to Uganda (26.9%) and Tanza-","billion in 2020 to KSh 7.2 billion in the period under"
"nia (43.1%). Despite the overall increase in exports","review, largely on account of reduced exports of"
"to the EAC, exports to South Sudan declined by","manufactured tobacco."
"","6.35. Imports from Africa rose from KSh 185.3 billion"
"","in 2020 to KSh 230.8 billion in 2021. Imports from"
"","the EAC accounted for 40.1 per cent of total imports"
"Imports from Africa rose from KSh 185.3","from Africa having risen by 64.5 per cent to KSh"
"","92.5 billion in 2021 with all EAC countries recording"
"billion in 2020 to KSh 230.8 billion in 2021.",""
"","increased demand for goods. Imports from Tanzania"
"Imports from the EAC accounted for 40.1 per",""
"","nearly doubled from KSh 27.9 billion in 2020 to KSh"
"cent of total imports from Africa having risen",""
"","54.5 billion in 2021 partly attributable to increase in"
"by 64.5 per cent to KSh 92.5 billion in 2021",""
"","imports of maize and rice from this country. Increased"
"with all EAC countries recording increased","demand for sugar and milk led to the increased ex-"
"","penditure of imports from Uganda."
"demand for goods",""
