"Feed Stocks","","","","",""
"","","","","","TJ"
"Energy Products","","","Non Renewable feedstocks","",""
"-","","","","",""
"","Coal and Coke","Wood charcoal","Fuel wood, in logs, in billets, in","Wastes or scraps  Sub-Total",""
"","","","twigs, in faggots or in similar forms","",""
"Domestic Production","","29,371.57","339,805.03","12,178.92","381,355.51"
"Imports","4,017.70","","","","4,017.70"
"Domestic Exports","25.41","","","","25.41"
"Re-Exports","0.12","","","","0.12"
"Stock changes","..","..","..","..",".."
"Sub-total: Supply","3,992.17","29,371.57","339,805.03","12,178.92","385,347.68"
"-","","","","",""
"Statistical differences","1,511.43","-","-","-","1,511.43"
"-","","","","",""
"Sub-total: Demand","2,480.74","29,371.57","339,805.03","12,178.92","383,836.25"
"Industry","2,480.74","236.67","2,118.07","","4,835.48"
"Households","..","29,134.90","337,686.95","12,178.92","379,000.77"
