"Background Information",""
"About KNBS",""
"The Kenya National Bureau of Statistics (KNBS) is","Statistical Office in each of the 47 counties as data"
"the principal agency of the Government for collecting,","collection center, two sampling frames for imple-"
"analysing and disseminating statistical data, and","mentation of censuses and surveys and various"
"the custodian of official statistical information.  The","databases for socio-economic statistical information."
"Bureau is also responsible for the co-ordination of",""
"the National Statistical System (NSS).","The Bureau collects various statistical information on"
"","monthly, quarterly, semi-annually and annual basis."
"The functions of KNBS as defined in the Statistics","Ad hoc surveys and studies are also carried out to"
"Act 2006 are:","gather information on specific indicators."
"(a)  Planning, authorising, co-ordinating and supervis-","Some of the statistical products of the Bureau in-"
"ing all official statistical programmes undertaken","clude, Consumer Price Index (CPI), Leading Eco-"
"within the national statistical system;","nomic Indicators report, Quarterly Gross Domestic"
"(b)  Establishing standards and ensuring the use of","Product (GDP) release, Quarterly Producer Price"
"best practices and methods in the production and","Index (PPI), Quarterly Balance of Payment release,"
"dissemination of statistical information across","Annual Economic Survey report, Annual Statistical"
"the national statistical system;","Abstract and County Statistical Abstract."
"(c)   Collecting, compiling, analyzing, abstracting",""
"and disseminating statistical information on the","The Bureau also provides information to local and"
"matters specified in the First Schedule;","international organizations including the IMF, World"
"(d)   Conducting the Population and Housing Census","Bank, UN, COMESA, ILO and EAC; and other data"
"every ten years, and such other censuses and","users.  The  Bureau  maintains  various  platforms"
"surveys as the Board may determine;","through which its products and statistical information"
"(e)  Maintaining a comprehensive and reliable na-","are disseminated."
"tional socio-economic database.",""
"(f)   Developing and maintaining sampling frames of","The Bureau provides information for monitoring the"
"the Bureau;","country’s development agenda as well as interna-"
"(g)  Collaborating with and assisting the county gov-","tionally agreed indicators such as the Sustainable"
"ernments or any other institutions in the produc-","Development Goals (SDGs)."
"tion of official statistics;",""
"(h)  Providing technical advice on statistics to other",""
"state entities;",""
"(i)   Promoting co-ordination among producers, us-",""
"ers and suppliers of official statistics by forming","KNBS has an elaborate infrastructure for"
"appropriate sector committees; and","data  collection  across  the  country.  This"
"(j)   Designating statistics produced by national statis-",""
"","includes, a County Statistical Office in each"
"tical system as official statistics on being satisfied",""
"","of the 47 counties as data collection center,"
"that the necessary criteria have been followed.",""
"","two sampling frames for implementation of"
"KNBS has an elaborate infrastructure for data col-","censuses and surveys and various databases"
"lection across the country. This includes, a County","for socio-economic statistical information"
