"Direction of Trade",""
"6.25. The values of total exports by destination","KSh 17.1 billion, resulting from reduction in domestic"
"for the period 2017 to 2021 are presented in Table","exports of food supplements, and re-exports of dried"
"6.13. During the review period, total exports to Africa","leguminous vegetables to this destination."
"amounted to KSh 309.3 billion increasing from KSh",""
"","6.27. In the period under review, total exports to"
"246.1 billion in 2020 and accounted for the bulk of",""
"","Asia improved by 8.9 per cent, growing from KSh"
"the country’s exports. This development was majorly",""
"","157.6 billion in 2020, largely boosted by increased"
"boosted by increase in exports to the East African",""
"","exports to China and India. Total exports to China"
"economic bloc which rose from KSh 158.3 billion to",""
"","were valued at KSh 21.9 billion in 2021 compared to"
"KSh 192.4 billion, contributing 54.0 per cent of all",""
"","KSh 14.8 billion in 2020, representing a 48.1 per cent"
"exports to the African continent.",""
"","increase. This was majorly attributable to an increase"
"6.26. The value of exports to Uganda, increased","in domestic exports of titanium ores and concentrate"
"from KSh 72.2 billion in 2020 to KSh 91.7 billion in","to this destination. Total exports to India rose from"
"2021, largely driven by increase in domestic exports","KSh 7.8 billion in 2020 to KSh 10.4 billion in 2021,"
"of cement clinkers, palm oil, flat rolled products of","occasioned by an increase in domestic exports of"
"iron and non-alloy steel and; re-exports of machine","dried leguminous vegetables. Despite the increase"
"tools for drilling, boring, sinking, milling, threading","in exports to Asia, exports to Pakistan and Afghan-"
"or tapping. As a result, Uganda continued to be the","istan dropped by 2.7 per cent and 73.7 per cent,"
"country’s key export destination accounting for 12.3","respectively, slowing down the growth of exports to"
"per cent of total export earnings. Similarly, exports","this region, over the review period. This was mainly"
"to Tanzania and the Democratic Republic of Congo","attributable to a decline in domestic exports of tea"
"exhibited significant rise from KSh 31.8 billion and","to the two countries."
"KSh 14.3 billion in 2020 to KSh 45.6 billion and KSh",""
"","6.28. Total exports to the European Union (EU) rose"
"24.4 billion, respectively. The rise was occasioned",""
"","significantly from KSh 99.3 billion to KSh 115.9 billion,"
"by increase in domestic exports of tea, cut flowers",""
"","translating to a 16.7 per cent increase. Notably, in-"
"and coffee to the Democratic Republic of Congo and",""
"","crease in domestic exports of cut flowers; avocados;"
"soap to Tanzania. Conversely, in the same period,",""
"","plants and parts of plants used for pharmaceutical"
"exports to South Sudan declined by 26.0 per cent to",""
