"List of Figures",""
"Figure 3.1","Percentage Changes in Wage Employment in Public, Private and"
"","Self-employed, 2017 - 2021.....................................................................................57"
"Figure 3.2","Trends in overall and key COICOP Divisions Inflation, January to"
"","December 2021........................................................................................................78"
"Figure 7.1:","Real Agricultural Growth Rate, 2017 - 2021...........................................................150"
"Figure 7.2:","Sugar Production and Imports, 2017-2021............................................................161"
"Figure 7.3:","Monthly Performance of Fresh Horticultural Exports, 2021...................................163"
"Figure 7.4:","Import Dependency and Self-Sufficiency Ratios, 2021..........................................171"
"Figure 7.5:","Caloric Supply by Main Food Groups, 2021..........................................................172"
"Figure 8.1:","Total Value and Quantity of Fish Landed, 2017 - 2021..........................................185"
"Figure 8.2:","Long Rains (March April May) Performance, 2021................................................192"
"Figure 8.3:","Short Rains (October November December) Performance, 2021.........................192"
"Figure 8.4:","Mean Annual Rainfall by Region 2012-2021..........................................................193"
"Figure 8.5:","Mean Annual Maximum Temperatures 2012-2021.................................................195"
"Figure 8.6:","Mean Annual Minimum Temperatures 2012-2021..................................................195"
"Figure 9.1:","Percentage Sales of Petroleum Fuels by Major Consumer Category, 2021..........201"
"Figure 9.2:","International Crude Oil Prices against Domestic Fuel Prices, 2021.......................204"
"Figure 9.3:","Proportion of Electricity Generation by Source, 2021............................................207"
"Figure 12.1:","International Visitor Arrivals, 2017-2021.................................................................246"
"Figure 12.2(a):","Monthly International Visitor Arrivals through JKIA, 2020-2021.............................247"
"Figure 12.2(b):","Monthly International Visitor Arrivals through MIA, 2020-2021..............................248"
"Figure 12.2(c):","International Visitor Arrivals through MIA and JKIA, and Other"
"","Border Points, 2017-2021......................................................................................248"
"Figure 12.2(d):","International Visitor Arrivals by Purpose of Visit, 2020-2021.................................250"
"Figure 12.3:","Monthly Hotel Bed Occupancy Rates, 2020-2021.................................................254"
"Figure 12.4:","Hotel Bed-Nights Occupancy at the Coast, 2020-2021.........................................256"
"Figure 14.1:","Domain trends in Kenya, 2017-2021......................................................................294"
"Figure 15.1:","Pupil Completion Rate and Primary to Secondary Transition Rate,"
"","2017-2021...............................................................................................................312"
"Figure 16.1:","Share of Total National Government Expenditure on Health to Total National"
"","Government Expenditure, 2017/18 – 2021/22.......................................................339"
"Figure 16.2:","Share of County Governments’ Expenditure on Health to Total County"
"","Governments’ Expenditure, 2017/18 – 2021/22.....................................................340"
"Figure 16.3:","Number of Adolescents Presenting with Pregnancy at 1st ANC Visit,"
"","2017-2021...............................................................................................................346"
