"Table 3.15a: National Consumer Price Indices and Rates of Inflation by COICOP Divisions, 2019 - 2021","","","","",""
"","","","","","“% Change"
"COICOP Divisions","Share (%)","2019","2020","2021","2021/"
"","","","","","2020”"
"Food and Non-Alcoholic Beverages","32.91","107.03","116.73","126.65","8.5"
"Alcoholic Beverages, Tobacco and Narcotics","3.33","103.53","109.98","113.02","2.8"
"Clothing and Footwear","2.99","101.05","103.50","105.91","2.3"
"Housing, Water, Electricity, Gas and Other Fuels","14.61","101.00","103.33","108.26","4.8"
"Furnishings, Household Equipment and Routine Household","","","","",""
"","3.74","101.08","103.00","107.19","4.1"
"Maintenance","","","","",""
"Health","2.91","100.56","102.69","106.20","3.4"
"Transport","9.65","102.40","111.50","125.16","12.3"
"Information and Communication","7.78","100.49","101.11","103.04","1.9"
"Recreation, Sport and Culture","1.72","100.61","103.02","104.92","1.8"
"Education Services","5.56","100.19","101.74","103.70","1.9"
"Restaurants and Accommodation Services","8.10","101.03","104.01","107.30","3.2"
"Insurance and Financial Services","2.24","100.18","100.94","102.56","1.6"
"Personal Care, Social Protection and Miscellaneous Goods and","","","","",""
"","4.45","101.28","103.59","106.59","2.9"
"Services","","","","",""
"Weighted Average of All Items","100.00","103.16","108.69","115.33","6.1"
