"development projects in the country. In 2021, the","","","sectors recorded the highest number of EIAs in 2021.","",""
"Table 8.13: Number of Environment Impact Assessments (EIAs) by Sector, 2017–2021","","","","",""
"","","","","","Number"
"Sector","2017","2018","2019","2020","2021*"
"Transport and Communication","522","1,044","215","8","12"
"Energy","501","436","222","11","11"
"Tourism","8","14","6","2","2"
"Mining and Quarrying","51","66","65","3","11"
"Human Settlements and Infrastructure","434","495","302","34","49"
"Agriculture and Forestry","31","38","28","9","4"
"Commerce and Industry","228","269","193","8","10"
"Water Resources","67","94","46","8","16"
"TOTAL","1,842","2,456","1,077","83","115"
