"","","","","","Minutes ‘000"
"","2017","2018","2019","2020","2021*"
"Total  Voice Roaming  (i+ii)","301,608","362,313","467,419","553,625","650,571"
"Broadband Roaming","","","","",""
"Mobile broadband internet traffic Inbound","","","","",""
"","65,223","140,450","221,675","84,045","221,917"
"roaming(GB)","","","","",""
"Mobile broadband internet traffic Outbound","","","","",""
"","18,468","25,357","55,058","78,287","160,100"
"roaming(GB)","","","","",""
"Total Mobile broadband  roaming","83,691","165,807","276,733","162,332","382,017"
"Domestic Calls","","","","",""
"Total  Fixed to Fixed Telephone Traffic (a+b)","2,597","2,345","2,291","1,717","1,604"
"Fixed wireless to Fixed wireless (a)","1,314","1,257","1,243","997","1,092"
"Fixed to Fixed telephone (b)","1,283","1,088","1,048","720","512"
"Fixed to Mobile telephone","43,353","41,586","23,210","19,753","20,916"
"Mobile to Mobile telephone","43,944,431","55,772,953","58,646,518","60,164,844","79,931,242"
"Mobile to Fixed telephone","88,787","71,684","58,642","65,398","66,218"
"Total Domestic Traffic","44,079,168","55,888,568","58,730,661","60,251,712","80,019,980"
"International Outgoing Fixed VoIP","2,865","2,883","1,662","2,737","2,644"
