"","2017","2018","2019","2020","2021*"
"PRIVATE SECTOR","","","","",""
"Agriculture, forestry and fishing","320,401.2","338,030.9","356,885.6","347,598.7","328,059.4"
"Mining and quarrying","542,126.8","546,883.4","609,757.6","600,258.2","578,706.1"
"Manufacturing","462,721.4","486,169.7","511,900.0","515,683.3","495,500.1"
"Electricity, gas, steam and air conditioning supply","1,703,715.8","1,769,459.3","1,835,243.7","1,895,800.7","1,804,567.7"
"Water supply; sewerage, waste management and","248,576.1","260,314.3","272,646.4","268,296.9","256,188.5"
"remediation activities","","","","",""
"Construction","665,490.3","680,368.3","693,358.6","700,548.7","663,993.6"
"Wholesale and retail trade; repair of motor","","","","",""
"","716,276.9","751,937.8","793,555.1","807,998.6","775,358.6"
"vehicles and motorcycles","","","","",""
"Transportation and storage","1,381,680.6","1,416,328.0","1,451,348.7","1,402,060.1","1,334,485.5"
"Accommodation and food service activities","439,251.7","439,403.5","438,636.7","396,090.6","389,821.2"
"Information and communication","961,566.0","991,149.7","1,015,828.1","1,044,388.5","1,003,333.0"
"Financial and insurance activities","","1,867,485.6","1,881,512.3","1,896,191.6","1,808,759.1"
"","1,858,161.9","","","",""
"Real estate activities","297,194.2","298,290.1","299,832.5","298,661.7","284,388.5"
"Professional, scientific and technical activities","","1,259,597.7","1,303,478.4","1,337,682.6","1,284,570.8"
"","1,211,859.0","","","",""
"Administrative and support service activities","1,567,397.8","1,585,075.9","1,602,464.6","1,559,413.8","1,506,790.4"
"Public administration and defence; compulsory","-","-","-","-","-"
"social security","","","","",""
"Education","983,634.4","973,386.2","962,784.4","905,835.5","878,016.3"
"Human health and social work activities","875,296.7","908,387.6","937,521.4","972,468.0","935,759.7"
"Arts, entertainment and recreation","677,713.7","691,360.2","703,006.7","716,660.6","683,880.6"
"Other service activities","923,362.8","970,087.0","1,017,389.3","1,048,591.5","1,010,720.8"
"Activities of households as employers;","","","","",""
"undifferentiated goods- and services-producing","246,722.5","255,162.9","262,531.7","269,965.7","259,660.2"
"activities of households for own use","","","","",""
"Activities of extraterritorial organizations and","","","","",""
"","3,340,593.0","3,376,598.1","3,399,463.8","3,417,484.4","3,263,838.8"
"bodies","","","","",""
"TOTAL   PRIVATE SECTOR","707,890.3","730,411.9","753,557.6","749,111.6","720,383.2"
