"Voice Call Traffic",""
"14.9. The volume of mobile traffic is critical for mon-","by 17.5 per cent to 650.6 million minutes.  Outbound"
"itoring key usage indicators such as voice traffic and","roaming increased by 38.7 per cent to 474.2 million"
"SMS traffic. Table 14.3 presents telephone call traffic","minutes while inbound roaming decreased by 16.8"
"disaggregated by domestic, international and roaming","per cent to 176.3 million minutes in 2021. Total mo-"
"categories for the period 2017 to 2021. International","bile broadband recovered from the downward trend"
"outgoing calls rose by 11.7 per cent to 549.9 million","registered in 2020,increasing by more than double"
"minutes in 2021, albeit a decline of 49.0 per cent","to 382.0 million GB in 2021."
"of the fixed outgoing traffic owing to the availability",""
"","14.11. Total domestic traffic, which was predomi-"
"and preference of mobile phones to fixed telephone",""
"","nantly mobile to mobile traffic, increased by 32.8"
"services. Conversely, the total international incoming",""
"","per cent from 60.3 billion minutes in 2020 to 80.0"
"calls abated for the second consecutive year from",""
"","billion minutes in 2021.Total traffic emanating from"
"532.0 million minutes in 2020 to 487.3 million min-",""
"","fixed-to-fixed telephone registered a further decline"
"utes in 2021. This is because international tariffs for",""
"","of 6.6 per cent to 1.6 million minutes in the review"
"incoming calls to Kenya are expensive and therefore",""
"","period. Mobile to mobile traffic grew by 32.9 per cent"
"the preference for those calling from abroad to prefer",""
"","to 79.9 billion minutes in 2021."
"other methods such as the instant messaging apps",""
"and VOIP.",""
"","14.12. International outgoing fixed Voice over Internet"
"","Protocol (VoIP) declined to 2.6 million minutes in"
"14.10. Voice roaming has been on an upward trend",""
"","2021 from 2.7 million minutes in 2020."
"for the last five years. Total voice roaming increased",""
