"Road Licenses",""
"13.13. The number of Road Transport Licenses is-","58.1 per cent while those of mini buses doubled"
"sued from 2017 to 2021 is presented in Table 13.5.","during the period under review. The rise in number"
"The total number of Public Service Vehicles (PSV)","of PSV licenses issued is partly attributed to easing"
"licenses issued went up by 11.7 per cent from 49,560","of containment measures that had been put in place"
"in 2020 to 55,355 in 2021. There was a 12.6 per","to curb the spread of COVID-19. The number of indi-"
"cent drop in the number of PSV licenses issued to","vidual driving licenses issued rose by 26.9 per cent"
"matatus from 36,323 in 2020 to 31,737 in 2021. The","to 384,899 during the period under review."
"number of PSV bus licenses issued increased by",""
