"2020 to 610.8 thousand tonnes in 2021. the volume","the easing of COVID-19 containment measures. The"
"of re-exports to total exports dropped marginally","value of total exports of petroleum products declined"
"from 96.6 per cent in 2020 to 96.3 per cent in 2021.","by 30.6 per cent to KSh 29.5 billion in 2021. The"
"","value of domestic exports of petroleum products"
"9.6. Total import bill of petroleum products rose to",""
"","increased by 1.4 per cent to KSh 5.3 billion in 2021."
"KSh 348.3 billion in 2021 from KSh 209.1 billion in",""
"","As a result, net balance increased from KSh 166.6"
"2020. This was mainly attributed to the recovery",""
"","billion in 2020 to KSh 318.8 billion in 2021."
"of the road transport and aviation sectors, which",""
"pushed up demand for petroleum products following",""
