"*Provisional",""
"Capital Markets",""
"4.19. Table 4.12 presents the gross secondary capital","148.7 billion in 2020 to KSh 137.4 billion in 2021."
"market statistics from 2017 to 2021. Market capital-","Total number of deals increased from 263,907 in"
"ization and bonds turnover increased by 11.0 per cent","2020 to 277,611 in 2021 while the Nairobi Securities"
"and 38.3 per cent to KSh 2,592.9 billion and KSh","Exchange (NSE) 20 share index increased from"
"957.0 billion in 2021, respectively.  The total number","1,868 points in 2020 to 1,903 points in 2021. The"
"of shares traded decreased by 1,213.4 million in","number of licensed institutions increased to 161 in"
"2021 from 5,264.5 million in 2020. The total value","2021 from 148 in 2020."
"of shares traded reduced by 7.6 per cent from KSh",""
