"Table 15.1: Expenditure for the Education Sector, 2017/18 - 2021/22","","","","",""
"","","","","","KSh Million"
"","2017/18","2018/19","2019/20+","2020/21+","2021/22*"
"RECURRENT EXPENDITURE","","","","",""
"Ministry of Education","","","","",""
"State Department for Early Learning & Basic Education","83,922.18","87,966.70","84,094.24","88,039.02","96,420.77"
"Teachers Service Commission","217,614.31","240,738.30","255,792.64","274,259.78","274,286.11"
"State Department for University Education","87,311.67","91,661.66","96,846.68","79,039.50","91,057.22"
"State Department for Vocational and Technical Training","2,511.60","7,777.79","12,517.11","15,098.00","13,985.60"
"State Department for Post Training and Skills Development","..","56.16","115.82","122.40","201.00"
"Sub Total","391,359.77","428,200.60","449,366.50","456,558.70","475,950.70"
"DEVELOPMENT EXPENDITURE","","","","",""
"Ministry of Education","","","","",""
"State Department for Early Learning & Basic Education","9,064.74","7,462.33","4,409.01","6,470.60","5,863.30"
"Teachers Service Commission","5.94","16.69","271.64","120.15","322.55"
"State Department for University Education","3,569.62","10,155.01","6,295.41","4,019.07","1,230.69"
"State Department for Vocational and Technical Training","8,454.88","9,245.20","5,344.61","5,243.65","2,695.69"
"State Department for Post Training and Skills Development","..","..","..","..",".."
"Sub Total","21,095.18","26,879.24","16,320.67","15,853.47","10,112.23"
"TOTAL EXPENDITURE","412,454.95","455,079.84","465,687.17","472,412.17","486,062.93"
