"11.9. In 2021, the total value of building plans ap-","completed decreased by 11.9 per cent to KSh 88.1"
"proved by the NCC was KSh 102.9 billion, repre-","billion in the same period. The decrease could be"
"senting a decline of 33.0 per cent from KSh 153.6","attributed to the increase in the cost of construction"
"billion recorded in 2020. The value of building works","materials, transport and fuel."
"Table 11.6: Value of Reported Private Building Plans Approved and Building Works Completed in",""
"Nairobi City County, 2017 – 2021",""
