"Internet Services",""
"14.14. The period under review was characterized","per cent to 420 as shown in Table 14.5. Similarly,"
"by a return to normalcy in the utilization of internet","terrestrial mobile subscriptions rose by 4.3 per cent"
"services after the sharp rise in the demand for online","to 45.7 million while wireless data subscriptions in-"
"services occasioned by the COVID-19 pandemic. The","creased by 20.4 per cent to 124,759 in 2021. Total"
"number of licensed Internet Service Providers (ISPs)","fixed-wired internet subscriptions rose by 16.1 per"
"has been increasing for the quinquennial period so","cent to 672,672 with Fibre optic growing by 19.4 per"
"as to meet the ever-growing demand for internet","cent to 477,962 in 2021."
"services. In 2021, the number of ISPs rose by 14.8",""
