"","","","","tocol (VoIP) subscribers declined by 6.6 per cent to"
"Value of Output","","","",""
"","14.4. Details on value of output, intermediate con-","","","46,296 in 2021."
"","sumption and value added for the ICT sector at cur-","","",""
"","","","","14.6. The mobile telephony capacity in erlangs de-"
"","rent prices is presented in Table 14.1. The value of","","",""
"","","","","clined from 96.7 million in 2020 to 96.0 million in"
"","ICT output inreased by 6.9 per cent from KSh 529.8","","",""
"","","","","2021.The Government increased the spectrum of-"
"","billion in 2020 to KSh 566.3 billion in 2021. Inter-","","",""
"","","","","International Mobile Telecommunications (IMT) from"
"","mediate consumption inreased by 6.6 per cent to","","",""
"","","","","360 MHz in 2020 to 560 MHz in 2020 with operators"
"","KSh 271.9 billion in 2021. Consequently, ICT value","","",""
"","","","","utilizing 520 MHz in the review period. Mobile sub-"
"","added increased by 7.2 per cent from 274.7 billion","","",""
"","","","","scriptions increased by 6.0 per cent to 65.1 million in"
"","in 2020 to KSh 294.4 billion in 2021.","","",""
"","","","","2021 compared to a 12.6 per cent growth registered"
"","","","","in 2020. Conversely, the Mobile Numbers Ported"
"","Table  14.1:  Value  of  Output,","","Intermediate",""
"","","","","(MNPs) decreased by 24.8 per cent to 1,081 in 2021,"
"Consumption and Value Added of the ICT Sector,","","","",""
"","","","","partly attributed to hesitation by subscribers to move"
"2017 - 2021","","","",""
"","","","","from one operator to another."
"","","","KSh Million",""
"","","","","14.7. As the use of mobile phones continue to inten-"
"Year","Value of","Intermediate","Value",""
"","","","","sify, the connection of mobile networks with machines"
"","Output","Consumption","Added",""
"","","","","continue to rise. Machine to machine (M2M) refers"
"2017","462,013.0","238,516.0","223,497.0",""
"","","","","to the number of mobile machines to machine sub-"
"2018","494,269.0","254,149.0","240,120.0",""
"","","","","scriptions that are assigned for use in machines and"
"2019","522,622.0","263,809.0","258,813.0","devices for the exchange of data between networked"
"2020","535,514.0","262,813.0","272,701.0","devices. In 2021, machine-to-machine subscribers"
"","","","","stood at 1.1 million."
"2021*","566,260.1","271,881.1","294,379.0",""
"*Provisional","","","",""
"","","","","14.8. Number of mobile money transfer agents and"
"","","","","transactions recorded a steady growth in the last"
"","Fixed Telephone and Mobile Network","","",""
"","","","","five years. The number of mobile money subscribers"
"Services","","","",""
"","","","","increased by 8.5 per cent to 35.2 million in 2021"
"","14.5. Details on the performance of the fixed and","","",""
"","","","","compared to an increase of 12.0 per cent recorded"
"","mobile network services from 2017 to 2021 are","","",""
"","","","","in 2020. In addition, the total amount of mobile mon-"
"","presented in Table 14.2.Fixed telephony capacity","","",""
"","","","","ey transfers grew by 31.7 per cent, to stand at KSh"
"","remained constant while fixed connections contin-","","",""
"","","","","6.9 trillion in 2021. The value of mobile commerce"
"","ued to register a decline for the quinquennial period,","","",""
"","","","","transactions grew by 63.2 per cent to KSh 15.3 trillion"
"","registering a 13.3 per cent drop to 14.8 thousand in","","",""
"","","","","in the same period."
"","2021.The number of fixed Voice over Internet Pro-","","",""
