"highest growth of 7.1 per cent in 2021. The Teachers","","in 2020.","","","",""
"","Table 3.3 Wage Employment in the Public Sector, 2017– 2021","","","","",""
"","","","","","","‘000"
"","2017","2018","2019","2020","2021*","“Annual"
"","","","","","","Percentage"
"","","","","","","Change “"
"Ministries and other exra-budgetary institutions1","197.6","206.4","207.2","206.1","220.7","7.1"
"Teachers Service Commission","302.9","313.6","324.5","331.1","349.9","5.7"
"Parastatal Bodies2","110.1","96.7","96.2","95.7","96.7","1.0"
"Corporations controlled by the Government3","47.0","47.5","47.3","47.1","47.5","1.0"
"County governments","175.5","178.7","190.0","204.6","208.1","1.7"
"TOTAL","833.1","842.9","865.2","884.7","923.0","4.3"
