"","","","","","Economic Survey 2022","",""
"Figure 9.1: Percentage Sales of Petroleum Fuels by Major Consumer Category, 2021","","","","","","",""
"","","4.3%","","","","",""
"","","Others","","","","",""
"9.6%","","","","","","",""
"Aviation (excl.","","","","","","",""
"Government)","","","","","","",""
"10.2%","","","","","","",""
"Industrial,","","","","","","",""
"commercial","","","","","","",""
"and other","","","","","","",""
"","75.8%","","","","","","Chapter 9"
"","","Retail pump outlets and road transport","","","","",""
"9.10. Average wholesale prices of petroleum fuels in Mombasa for the period 2017 to 2021 for the month","","","","","","",""
"","of December are presented in Table 9.4. Prices for all the fuels were higher in December 2021 compared","","","","","",""
"","to December 2020. Wholesale price for Illuminating Kerosene increased by 22.0 per cent to KSh 87,543","","","","","",""
"","per tonne in 2021. Similarly, prices of Light Diesel oil and Motor Spirit (premium) increased by 19.9 per cent","","","","","",""
"","and 19.1 per cent to KSh 95,925 per tonne and KSh 113,166 per tonne, respectively, in the review period.","","","","","",""
"Table 9.4: Wholesale Prices1 of Petroleum Fuels in Mombasa, for the month of December, 2017-2021","","","","","","",""
"","","","","","","KSh per Tonne",""
"Product","2017","","2018","2019","2020","2021",""
"Motor Spirit (Premium)","99,660","","109,340","100,660","95,000","113,166",""
"Illuminating kerosene","66,910","","101,020","93,460","71,740","87,543",""
"Light diesel oil","87,930","","108,080","92,930","80,010","95,925",""
"Source: Energy and Petroleum Regulatory Authority","","","","","","",""
"1Including duties and VAT.","","","","","","",""
"","","PAGE 201","","","","",""
