"Table 14.5: Internet Providers and Subscriptions, 2017 - 2021","","","","",""
"","2017","2018","2019","2020","2021*"
"Licensed Internet Services Providers (ISPs)1","219","256","302","366","420"
"Total Wireless Internet Subscriptions","33,166,725","45,401,832","39,229,398","43,812,041","45,682,350"
"Terrestrial Mobile Data","33,076,894","45,333,942","39,156,202","43,707,173","45,556,731"
"Terrestrial Wireless Data2","89,062","66,343","71,725","103,598","124,759"
"Satellite Data","769","1,547","1,471","1,270","860"
"Total Fixed (Wired) Internet Subscriptions","198,472","303,608","427,692","579,449","672,672"
"Fixed Digital Subscriber Line (DSL) Data","1,953","976","751","870","901"
"Fixed Fibre Optic Data","99,643","175,824","268,753","400,355","477,962"
"Fixed Cable Modem (Dial Up) Data","96,876","126,808","158,188","178,224","193,809"
"Total Fixed and Wireless Internet Subscriptions","33,365,197","45,705,440","39,657,090","44,391,490","46,355,022"
