"2 Includes external grants",""
"5.7. Table 5.4 presents the National Government’s","834.5 billion in 2021/22. This is partly attributable to"
"gross receipts on recurrent account from 2017/18","the reinstatement of the relaxed Pay As You Earn"
"to 2021/22. The total ordinary revenue which com-","(PAYE) which was intended to cushion the economy"
"prises of both tax and non-tax revenue is estimated","during the COVID-19 pandemic. The Value Added"
"to grow by 14.3 per cent from KSh 1,783.8 billion in","Tax (VAT) category which accounts for 25.8 per cent"
"2020/21 to KSh 2,038.7 billion in 2021/22. Tax rev-","of the total tax revenue is estimated to increase by"
"enue is expected to account for 89.9 per cent of the","15.1 per cent from KSh 410.8 billion in 2020/21 to"
"overall ordinary revenue, growing by 20.6 per cent","KSh 472.9 billion in 2021/22. The non-tax revenue,"
"to KSh 1,831.9 billion in 2021/22. Taxes on income","which is estimated at 10.1 per cent of the total or-"
"are expected to account for 45.7 per cent of the","dinary revenue, is expected to decrease by 22.1"
"total tax revenue in 2020/21 and are estimated to","per cent from KSh 265.4 billion to KSh 206.8 billion"
"rise by 20.2 per cent from KSh 694.1 billion to KSh","during the review period."
