"Table 1.1: Key Economic Indicators for Selected OECD Countries, 2019-2022","","","",""
"","2019","2020+","2021*","2022¹"
"World Real GDP Growth","2.8","-3.1","5.9","4.4"
"World Inflation","3.5","3.2","4.3","3.8"
"World Trade Growth2","0.9","-8.2","9.3","6.0"
"Real GDP Growth","","","",""
"United States of America.","2.3","-3.4","5.6","3.7"
"United Kingdom","1.7","-9.7","6.9","4.8"
"Japan","0.0","-4.6","1.8","3.4"
"Germany","1.1","-4.9","2.9","4.1"
"Euro Area","1.6","-6.5","5.2","4.3"
"Total OECD","1.8","-4.7","5.3","3.9"
"Inflation","","","",""
"United States of America","1.5","1.2","3.9","4.4"
"United Kingdom","1.8","0.9","2.4","4.4"
"Japan","0.5","0.0","0.0","0.8"
"Germany","1.4","0.4","3.1","2.8"
"Euro Area","1.2","0.3","2.4","2.7"
"Total OECD","2.0","1.5","3.5","4.2"
"Current Account Balance as % of GDP","","","",""
"United States of America.","-2.2","-2.9","-3.6","-3.8"
"United Kingdom","-2.7","-2.6","-2.8","-3.5"
"Japan","3.4","2.9","3.2","2.6"
"Germany","7.6","6.8","6.8","6.1"
"Euro Area","3.0","2.7","3.4","3.1"
"Total OECD","0.3","0.0","0.1","-0.3"
"Unemployment Rate","","","",""
"United States of America","3.7","8.1","5.4","3.8"
"United Kingdom","3.8","4.5","4.5","4.3"
"Japan","2.3","2.8","2.8","2.6"
"Germany","3.2","3.9","3.6","3.2"
"Euro Area","7.6","7.9","7.7","7.2"
"Total OECD","5.4","7.1","6.2","5.5"
