"11.13. The ‘R2000 programme’ and the ‘R10000","of ongoing Road Programmes for the period, 2019-"
"Programme’ are methods of road improvement and","2021. In both 2020 and 2021, all counties except"
"upgrading using low volume seal technology and","Mombasa, Lamu and the Nairobi City had roads"
"conventional approaches. The programmes have","under the programmes. During the review period,"
"enabled the continued development of rural roads","there were 2,712.5 kilometres of ‘R2000 programme’"
"across the counties through collaboration of the","and ‘R10000 Programme’ roads under improvement"
"National Government, County governments and","and upgrading, with an estimated construction cost"
"other stakeholders. Table 11.10 shows the status","of KSh 355.5 billion."
