"12.7. International visitor arrivals by purpose of visit","12.8. Annual international visitor arrivals increased"
"and quarter from 2017 to 2021 is shown in Table","by 50.3 per cent from 579.6 thousand in 2020 to"
"12.1. International visitor arrivals during the first","871.3 thousand in 2021. Visitors on holiday more"
"quarter registered a decline of more than half from","than doubled to 300.3 thousand, accounting for 34.5"
"389.6 thousand in 2020 to 157.8 thousand in 2021.","per cent of all international arrivals in 2021. Similarly,"
"International visitor arrivals in the fourth quarter more","visitors on transit and those on business increased"
"than doubled from 140.7 thousand in 2020 to 299.3","by 29.0 per cent and 34.2 per cent to 48.0 thousand"
"thousand, the highest in 2021. The lowest visitor","and 229.7 thousand respectively, in 2021. Figure"
"arrivals were recorded in the second quarter at 148.2","12.2 (d) presents the comparison of visitor arrivals"
"thousand during the same period.","by purpose of visit for 2020 and 2021."
