"1Includes Sewerage and Waste Management",""
"* Provisional",""
"Water Supply",""
"8.4. The Government through the Ministry of Water,","expected to increase by 15 from 338 in 2020/21 to"
"Sanitation and Irrigation has continued to undertake","353 in 2021/22 following completion of water projects"
"significant measures to ensure increased access to","across the country through the Rapid Results Initia-"
"safe and adequate water countrywide. During the","tive. Similarly, it is expected that 4,241 boreholes will"
"year under review, the Ministry in collaboration with","be drilled in 2021/22, significantly higher than 1,401"
"other stakeholders were engaged in providing clean","boreholes drilled in 2020/21. The private sector is"
"water through the drilling of boreholes and mainte-","expected to account for 88.9 per cent of the total"
"nance of modest Water Purification Points (WPPs)","number boreholes drilled."
"as presented in Table 8.2. The number of WPPs is",""
