"purposes, and re-exports of kerosene type jet fuel to","per cent from KSh 52.3 billion in 2020 to KSh 63.6"
"the Netherlands drove the rise in exports to the EU","billion. This was largely driven by the increase in"
"economic bloc. On Eastern Europe, exports to the","the value of domestic exports of macadamia nuts;"
"Russian Federation increased from KSh 8.0 billion","and articles of apparel and clothing accessories to"
"in 2020 to KSh 10.5 billion in 2021, resulting from","the United States of America. Exports to this des-"
"increased domestic exports of cut flowers.","tination rose from KSh 49.4 billion in 2020 to KSh"
"","59.6 billion in 2021."
"6.29. During the period under review, the value of",""
"exports to America registered an increase of 21.7",""
