"Source: Kenya Police, Traffic Department",""
"* Provisional.",""
"13.15. The number of casualties from reported road","in 2020 to 2,716 in 2021. Similarly, the number of"
"accidents by type and class for the period 2017 to","motor cycle rider casualties rose by 13.6 per cent"
"2021 is presented in Table 13.6(b). Pedestrian ca-","from 3,818 in 2020 to 4,336 in 2021.The number"
"sualties rose by 15.2 per cent from 3,186 in 2020","of pedal cyclist casualties from the reported road"
"to 3,670 in 2021. The number of driver casualties","accidents remained the same during the period un-"
"in reported road accidents rose by 20.1 per cent","der review. Pedestrians and motor cyclists had the"
"to 2,105 while the number of passenger casualties","highest proportion of those killed while passengers"
"increased by 33.8 per cent to 7,587 in 2021. The","and motor cyclists had the highest proportion of those"
"number of pillion passenger casualties in the reported","seriously injured."
"road accidents went up by 16.5 per cent from 2,332",""
