"sand hectares realized in 2020. There was no area","","","","",""
"Table 8.7: Government Forest Plantation Stocking, 2017 – 2021","","","","",""
"","","","","","‘000 Ha"
"Forest Stocking","2017","2018","2019","2020","2021*"
"Previous Year Plantation Area1","131.4","135.1","141.6","147.6","149.6"
"Area Planted","11.0","9.2","7.2","4.3","2.4"
"Total","142.4","144.3","148.8","151.9","152.0"
"Area Clear felled","5.2","0.9","0","0","0"
"Planting failures/fire damages","2.1","1.8","1.2","2.3","0.1"
"Total Area","135.1","141.6","147.6","149.6","151.9"
"Source:   Kenya Forest Service","","","","",""
