"4.22. Table 4.14 presents performance indicators","148.8 billion while claims incurred grew by 16.6 per"
"for general insurance business from 2017 to 2021.","cent to KSh 68.0 billion over the same period. In"
"Total assets declined by 0.3 per cent to KSh 198.0","contrast, claims incurred under reinsurance general"
"billion in 2021 compared with a growth of 11.4 per","business contracted by 8.8 per cent in December"
"cent in total assets of reinsurance general business.","2021. However, gross premiums recorded a positive"
"Total liabilities of general business and reinsurance","growth of 20.2 per cent to KSh 28.1 billion. Over"
"general business grew by 3.4 per cent and 21.1 per","the review period, general business recorded a 2.1"
"cent to KSh 128.9 and KSh 22.7 billion, respectively","per cent growth in investments, while reinsurance"
"in the same period.","general business investments grew by 7.1 per cent,"
"","mainly due to an increase in net premium income of"
"4.23. As at December 2021, gross premium income",""
"","11.2 per cent in general business and 20.3 per cent"
"for general business grew by 12.1 per cent to KSh",""
"","in reinsurance general business."
