"4.16. Table 4.9(b) shows the shares of total credit","December 2021 compared to a share of 31.9 per cent"
"advanced by commercial banks to various sectors","recorded as at the end of December 2020. However,"
"of the economy for the period 2017 to 2021. Overall","the share of credit advanced to the private sector"
"share of credit advanced to the public sector during","decreased marginally to 50.6 per cent as at end of"
"the review period increased to 36.4 per cent from","December 2021 from 52.5 per cent as at December"
"33.9 per cent recorded as at end of December 2020.","2020. Notably, among private enterprises, Building,"
"The share of overall credit advanced to the National","Construction and Real Estate had the highest share"
"Government increased to 34.3 per cent as at end of","at 10.8 per cent as at December 2021."
