"5.13. Table 5.10 presents details of the National","by 23.0 per cent to KSh 1,094.3 billion as at the end"
"Government outstanding debt by source as at 30th","of June, 2021. In addition, stock of debt from African"
"June for the period 2017 to 2021. The total stock of","Development Bank (AfDB) grew by 22.2 per cent to"
"public debt rose by 14.9 per cent from KSh 6,254.4","KSh 322.3 billion over the same period."
"billion as at end of June 2020 to KSh 7,188.1 billion",""
"","5.14. Domestic debt rose by 15.2 per cent to KSh"
"as at the end of June 2021. Total external debt grew",""
"","3,345.8 billion, as at the end of June 2021. Out-"
"by 14.7 per cent to KSh 3,842.3 billion accounting",""
"","standing debt due to commercial banks declined"
"for 53.5 per cent of the total debt. The stock of debt",""
"","by 8.7 per cent to stand at KSh 340.0 billion as at"
"from France and Japan grew by 15.2 per cent and",""
"","the end of June, 2021. The stock of Treasury Bills"
"14.6 per cent to KSh 91.9 billion and 87.2 billion,",""
"","and Treasury Bonds accounted for 10.6 per cent"
"respectively while China’s debt grew by 5.8 per cent",""
"","and 39.6 per cent of the overall debt position, re-"
"accounting for 71.5 per cent of the total debt of the",""
"","spectively. The Treasury Bonds increased by 28.4"
"bilateral agencies. Stock of debt attributed to In-",""
"","per cent to KSh 2,849.9 billion, while the Treasury"
"ternational Development Association/International",""
"","Bills decreased by 13.8 per cent to KSh 765.4 billion"
"Fund for Agricultural Development (IDA/IFAD) rose",""
"","during the review period."
