"Table 11.12: Selected Major Road Works in Progress as at December 2021 (Continued)","","",""
"","Length","% Com-","Amount (KSh"
"Project Name","","",""
"","(Km)","pletion","Million)"
"Dualling of Athi River - Machakos Turnoff","40.00","74.2","5,288.55"
"Dualling of Magongo (A109L) Road: Phase II","5.80","77.9","2,420.33"
"Ngong Road (Dagoretti Corner - Karen Roundabout Section)","11.00","91.0","2,382.34"
"Sub total","83.60","","22,586.05"
"Upgrading","","",""
"Garsen – Lamu – Witu","270.00","82.0","10,868.63"
"Lokichar-Loichangamatak","40.00","10.0","5,800.82"
"Mlolongo - Athi River Joska Road","15.00","36.0","2,193.75"
"Naivasha - Njabini Road","64.00","21.4","1,799.96"
"Mombasa Road(Devki)- Kinanie Park/Kinanie Leather Park Machakos County","25.00","24.0","1,785.78"
"Roads within East Africa Portland Housing Scheme in Machakos County","25.00","30.0","1,532.89"
"Roads in Meru County Headquarters","13.00","23.0","1,043.33"
"Sub total","452.00","","25,025.15"
"Rehabilitation","","",""
"Thika Town roads","26.73","12.9","1,606.45"
"Nairobi Eastlands Roads (Phase II)","10.20","97.8","1,388.75"
"Nairobi Roads Lot 1 (Part of Missing Link 12)","1.00","60.0","1,159.26"
"Sub total","37.93","","4,154.46"
"Bridges & Interchanges","","",""
"Makupa Causeway Bridge","-","8.1","4,511.07"
"Valley Road/Ngong Road/Nyerere Road Interchange and Upperhill Overpasses1","-","16.0","2,987.51"
"Construction of Interchanges at Kericho Jn (B1/C23) and Ahero Jn (A1/B1)","-","59.9","1,388.32"
"Ngong Road Footbridges2","-","33.0","190.56"
"Sub total","-","","9,077.46"
"Grand Total","2,299.09","","259,544.28"
