"2.22. Table 2.11a and Table 2.11b provides details","2,073.9 billion in 2020 to KSh 2,371.1 billion in 2021."
"of the value of additions to fixed assets by type at","The value of additions to fixed assets of transport"
"current prices for the period 2017-2021 while Table","equipment increased by 42.2 per cent to KSh 311.1"
"2.11b shows the shares of the various types of fixed","billion in 2021. In the review period, dwellings and"
"assets during the period under review. The value","other structures contributed 32.9 per cent and 26.7"
"of additions to fixed capital (Gross Fixed Capital","per cent to the overall GFCF, respectively."
"Formation) in current prices increased from KSh",""
