"7.20. Horticulture: Table 7.17 presents volume","earnings. The  increase  in  export  earnings  from"
"and earnings from exports of fresh horticultural","cut flowers was attributed to better prices offered"
"produce from 2017 to 2021. During the year under","in the export market in the review period. In 2021,"
"review, earnings from exports of horticulture exports","earnings from export of fruits was KSh 18.4 billion"
"increased by 5.0 per cent to KSh 157.7 billion in","accounting for 11.7 per cent of fresh horticultural"
"2021. The volume of horticulture exports increased","export earnings. During the period under review,"
"by 29.3 per cent to 405.5 thousand tonnes in 2021.","the value of vegetable exports increased by 17.8"
"Export earnings from cut flowers increased by 3.1","per cent to KSh 28.5 billion, accounting for 18.1 per"
"per cent to KSh 110.8 billion in 2021, and accounted","cent of total horticultural export earnings."
"for 70.3 per cent of total fresh horticulture export",""
