"by 2.2 per cent from 221.5 thousand persons in 2020","way (MGR) more than doubled to KSh 234 million in"
"to 226.5 thousand persons in 2021.","2021. Revenue from cargo transported on the MGR"
"","rose marginally from KSh 1,114 million in 2020 to"
"","KSh 1,118 million in 2021. Cargo throughput at the"
"Tourism Sector","Port of Mombasa increased by 1.2 per cent to 34.5"
"The tourism sector recovered significantly in 2021","thousand MT in 2021. Container traffic increased"
"despite COVID-19 pandemic.  International visitor","from 1,359.6 thousand Twenty-foot Equivalent Units"
"arrivals expanded by 50.3 per cent to 871.3 thousand","(TEUs) in 2020 to 1,435.3 thousand TEUs in 2021."
"during the review period. This was supported by",""
"","The volume of white petroleum transported through"
"reopening of Kenya’s source markets, relaxation of",""
"","the pipeline recorded a 10.1 per cent increase to"
"travel restrictions and the rising rates of COVID-19",""
"","7,447.1 thousand cubic metres in 2021. The volume"
"vaccination. Hotel bed-nights occupancy rose by",""
"","of white petroleum products transited through the"
"45.1per cent to 5.5 million in 2021. Domestic tourism",""
"","pipeline rose from 2,443.9 thousand cubic metres"
"expanded notably with hotel bed-nights occupancy",""
"","in 2020 to 2,960.8 thousand cubic metres in 2021."
"of Kenyan residents growing by 49.2 per cent to",""
"","Pipeline throughput for domestic consumption in-"
"3.8 million, accounting for 69.4 per cent of total bed",""
"","creased by 3.9 per cent to 4,486.3 thousand cubic"
"nights occupancy in 2021.",""
"","metres in 2021. Passenger traffic from all airports"
"The number of international conferences held in-","grew by 46.7 per cent during the review period."
"creased from 28 in 2020 to 292 in 2021 while local","The number of domestic air passengers handled at"
"conferences increased from 1,176 in 2020 to 8,117","Kenyan airports rose by 65.5 per cent to 3.8 million"
"in 2021. The number of visitors to national parks and","passengers while the number of international pas-"
"game reserves increased by 50.0 per cent from 1.0","sengers handled increased by 28.9 per cent to 2.7"
"million in 2020 to 1.5 million in 2021. Similarly, the","million in 2021.  The number of newly registered"
"number of visitors to museums, snake parks and","motor vehicles rose by 14.2 per cent from 94,128"
"historical sites more than doubled to 403.7 thousand","units in 2020 to 107,499 units in 2021. Similarly, the"
"in 2021. The number of trainees pursuing hospital-","number of newly registered motorcycles and three"
"ity and tourism courses at the Kenya Utalii College","wheelers increased by 15.4 per cent from 252,601"
"declined by 76.4 per cent from 729 in 2020 to 243","units in 2020 to 291,553 units in 2021."
"in 2021.",""
"","Information and Communication Technology"
"Transport and Storage","The value of ICT output increased by 6.9 per cent"
"The performance of the transportation and storage","from KSh 529.8 billion in 2020 to KSh 566.3 billion in"
"sector improved significantly in 2021 following the","2021. The penetration rate for mobile subscriptions"
"easing of restrictions that had been instituted by","grew to 131.88 per 100 inhabitants in 2021. Mobile"
"the Government to curb the spread of COVID-19","money subscriptions increased to 71.34 per 100 in-"
"pandemic in 2020. The total value of output from the","habitants over the same period. Internet subscriptions"
"sector rose by 16.7 per cent to KSh 2,293.3 billion","increased from 91.70 per 100 inhabitants in 2020 to"
"in 2021. The Road Transport sub-sector contributed","93.33 per 100 inhabitants in 2021."
"77.9 per cent of the total value of output within the",""
"","Total domestic telephone traffic increased from 60.3"
"sector, having risen from KSh 1,537.4 billion in 2020",""
"","billion minutes in 2020 to 80.0 billion minutes in 2021."
"to KSh 1,785.4 billion in 2021. Revenue from haul-",""
"","Total international telephone traffic increased margin-"
"age on the Standard Gauge Railway (SGR) rose by",""
"","ally from 1,024.4 million minutes in 2020 to 1,037.2"
"24.0 per cent to KSh 13.0 billion in 2021. Earnings",""
"","million minutes in 2021. Total mobile money transfers"
"from the Madaraka Express more than doubled to",""
"","grew by 31.7 per cent to KSh 6.9 trillion in 2021. The"
"KSh 2.2 billion in 2021. Similarly, revenue earned",""
"","value of mobile commerce transactions grew by 63.2"
"from passenger services on the Metre Gauge Rail-",""
