"Pipeline Transport",""
"13.23. Table 13.9 presents the volume of white pe-","rose by 16.3 per cent from 1,165.7 thousand cubic"
"troleum products transported through the pipeline","metres in 2020 to 1,355.7 thousand cubic metres in"
"from 2017 to 2021. Total volume of white petroleum","2021. The volume of Illuminating Kerosene on transit"
"transported through pipeline increased by 10.1 per","via the pipeline rose by 8.1 per cent to 54.6 thousand"
"cent from 6,761.4 thousand cubic metres in 2020 to","cubic metres in 2021."
"7,447.1 thousand cubic metres in 2021.There was",""
"","13.24. The total pipeline throughput for domestic"
"a 21.2 per cent increase in the volume of white pe-",""
"","consumption rose marginally by 3.9 per cent from"
"troleum products on transit through pipeline from",""
"","4,317.5 thousand cubic metres in 2020 to 4,486.3"
"2,443.9 thousand cubic metres in 2020 to 2,960.8",""
"","thousand cubic metres in 2021. The volume of jet fuel"
"thousand cubic metres in 2021. Motor spirit through-",""
"","transported for local consumption declined by 25.2"
"put rose by 30.9 per cent to 1,360.3 thousand cubic",""
"","per cent to 572.5 thousand cubic metres in 2021. The"
"metres in 2021 from 1,039.0 thousand cubic metres",""
"","volume of Motor Spirit transported via pipeline for"
"in 2020. Light diesel on transit via the pipeline also",""
