"*  Provisional",""
"7.23. Pyrethrum: Table 7.19 shows production and","200.0 in 2020 to KSh 213.0 in 2021. Consequently,"
"earnings from dry pyrethrum flowers and pyrethrum","the value of dry pyrethrum flowers almost doubled"
"extract from 2017 to 2021. During the period under","from KSh 57.0 million in 2020 to KSh 106.7 million"
"review, deliveries of dry pyrethrum flowers to proces-","during the review period.  Production of pyrethrum"
"sors was 501.0 metric tonnes, an increase of 76.4 per","extract doubled to 11.5 tonnes in 2021 while the"
"cent from 284.9 metric tonnes recorded in 2020. The","average price paid increased to KSh 25.0 thousand"
"increase was attributed to acreage expansion by the","per kilogramme of the extract in 2021. Subsequently,"
"new licensed processors and government support in","earnings from the sale of pyrethrum extract more"
"the purchase and distribution of seedlings. Similarly,","than doubled to KSh 287.5 million during the review"
"the average price paid per kilogramme to farmers","period."
"for the produce increased by 6.5 per cent from KSh",""
