"Environmental Economic Accounts (EEA) Energy Accounts",""
"9.23. Environmental Economic Accounts (EEA) are","the System of National Accounts (SNA). The con-"
"used to account for natural resource utilization. The","cepts, definitions and classifications used in SEEA"
"accounts take stock of natural resources from the","are consistent with the SNA in order to facilitate the"
"point of extraction to intermediate use by industries,","integration of environmental and economic statistics."
"final use and residuals/waste which are eventually",""
"disposed back to the environment. In addition, the","Energy Balance 2021"
"accounts seek to promote efficient natural resource","9.24. Table 9.10(a) shows energy balance for coke"
"","and coal and renewable feed stocks in 2021. Re-"
"accounting and to ensure a country is able to track",""
"","newable feed stocks include wood charcoal, fuel"
"how much it has utilized, estimate reserves in the",""
"","wood and wastes or scraps. Total supply of coke and"
"environment, and promote proper disposal of re-",""
"","coal and renewable feed stocks was 385,347.7 Tera"
"siduals for environmental sustainability. The Sys-",""
"","Joules (TJ) in 2021. About 99.4 per cent of renewable"
"tem of Environmental Economic Accounts (SEEA)",""
"","feed stocks was demanded by households in 2021."
"framework follows a similar accounting structure as",""
"Table 9.10(a): Energy Balance, 2021- Supply and Demand for Coke and Coal and Non Renewable",""
"Feed Stocks",""
