"Economic Survey 2022","","","",""
"Visitor Arrivals","","","",""
"","12.3. The trend in international visitor arrivals from 2017 to 2021 is shown in Figure 12.1. During the review","","",""
"period, international visitor arrivals grew by 50.3 per cent from 579.6 thousand in 2020 to 871.3 thousand","","","",""
"in 2021.","","","",""
"","Figure 12.1: International Visitor Arrivals, 2017-2021","","",""
"2,500.0","","","",""
"","2,027.7","2,035.4","",""
"2,000.0","","","",""
"1,778.4","","","",""
"'000
 1,500.0","","","",""
"1,000.0","","","",""
"","","","","871.3"
"","","","579.6",""
"500.0","","","",""
"-","","","",""
"2017","2018","2019","2020","2021"
"","12.4.  Figure 12.2(a) shows the monthly international visitor arrivals through Jomo Kenyatta International","","",""
"","Airport (JKIA). In 2021, the lowest international visitor arrivals were recorded in April while the highest were","","",""
"","recorded in December. Other notable international visitor arrivals were registered in August and November,","","",""
"","2021 at 72.3 thousand and 71.3 thousand, respectively.","","",""
"","","PAGE 246","",""
