"9.20. Total domestic demand for electricity rose by","and industrial) category accounted for 49.4 per cent"
"8.7 per cent to 9,565.4 GWh in 2021, as shown in","of total domestic demand in the same period"
"Table 9.8. The demand for electricity went up in all",""
"","9.21. Local electricity generation increased by 5.8"
"categories in 2021. Demand for electricity for street",""
"","per cent to 12,126.7 GWh in 2021. Electricity im-"
"lighting and rural electrifi cation increased by 33.7",""
"","ports more than doubled to 288.0 GWh while exports"
"per cent and 6.0 per cent to 99.6 GWh and 648.80",""
"","increased by 10.3 per cent to 18.2 GWh in 2021."
"GWh, respectively, in 2021. Similarly, demand for",""
"","Electricity transmission and distributive losses were"
"electricity by domestic and small commercial catego-",""
"","2,831.0 GWh in 2021, accounting for 22.8 per cent"
"ry increased by 6.8 per cent to 4,088.6 GWh in 2021",""
"","of total electricity supply."
"and accounted for 42.7 per cent of total domestic",""
"demand in 2021. Large and medium (commercial",""
