"increased by 7.5 per cent in 2021 from 0.9 per cent","","","18.9 per cent, respectively during the review period.","",""
"Table 2.9: Expenditure on the Gross Domestic Product, 2017-2021","","","","",""
"","","","","Constant 2016 Prices - KSh Million",""
"Expenditure category","2017","2018","2019+","2020+","2021*"
"Government final consumption expen-","1,017,294.1","1,088,333.0","1,149,604.0","1,184,313.6","1,252,252.6"
"diture","","","","",""
"Private final consumption expenditure","5,977,927.0","6,281,580.0","6,596,982.5","6,427,462.0","6,840,807.0"
"Final consumption expenditure by NPISH","109,418.7","93,682.4","97,100.5","101,100.1","92,599.2"
"Gross fixed capital formation","1,590,554.9","1,584,335.3","1,655,651.0","1,696,805.9","1,881,194.4"
"Changes in inventories","54,910.4","22,633.4","35,704.1","35,258.9","83,752.0"
"Gross domestic expenditure","8,750,105.0","9,070,564.0","9,535,042.0","9,444,940.5","10,150,605.2"
"Exports of goods and services","995,953.8","1,063,400.8","1,029,821.9","938,956.3","1,060,427.1"
"Imports of goods and services","1,845,374.5","1,871,835.1","1,906,360.5","1,730,361.0","2,057,942.1"
"Discrepancy1","-16,868.3","65,474.3","98,442.6","81,504.2","238,593.8"
"Gross domestic product at market","7,883,816.0","8,327,604.0","8,756,946.0","8,735,040.0","9,391,684.0"
"prices","","","","",""
