"1 Budget Estimates",""
"Road Construction",""
"11.12. Overall national government expenditure on","have a development expenditure of KSh 45.7 billion"
"roads is expected to increase from KSh 195.3 bil-","while that for miscellaneous roads, including urban"
"lion in 2020/21 to KSh 207.2 billion in 2021/22 as","roads, is expected to increase to KSh 11.6 billion over"
"presented in Table 11.9. Expenditure on Trunk and","the review period. Recurrent expenditure, which is"
"Primary roads in 2021/22 is expected to account for","mainly for road maintenance and repairs, is expected"
"39.0 per cent of total government expenditure on","to rise from KSh 66.7 billion in 2020/21 to KSh 69.1"
"roads. Secondary and minor roads are expected to","billion in 2021/22."
