"2.23. Table 2.12a and 2.12b presents the real value","property products and Animal resources yielding"
"of GFCF components and the percentage changes","repeat products contracted during the period under"
"for the period 2017-2021. Real GFCF grew by 10.9","review. However, growth in the value of Transport"
"per cent in 2021 to stand at KSh 1,881.2 billion.","equipment, ICT equipment and Other machinery"
"Generally, real value of additions to Tree, crop and","and equipment improved during the review period."
"plant resources yielding repeat products, Intellectual",""
