"Table 12.9:","Number of Visitors to National Parks and Game Reserves, 2017-2021..................259"
"Table 12.10:","Number of Visitors to National Parks and Game Reserves by Category,"
"","2019 – 2021…..........................................................................................................260"
"Table 12.11:","Number of Visitors to Selected Museums, Snake Parks and Historical Sites,"
"","2017 – 2021……...............................................................................................……261"
"Table 12.12:","Indicators of Conference Tourism, 2019-2021..........................................................262"
"Table 12.13:","Kenya Utalii College Trainees, 2017-2021...............................................................262"
"Table 13.1:","Transport and Storage - Value of Output, 2017 – 2021............................................264"
"Table 13.2:","Road Maintenance Funds by Source, 2017/18 - 2021/22 .......................................265"
"Table 13.3:","Road Transport Output for the period 2017 to 2021.................................................265"
"Table 13.4:","New Registration of Road Motor Vehicles and Motor Cycles, 2017 – 2021.............266"
"Table 13.5:","Road Transport Licenses Issued, 2017 – 2021........................................................267"
"Table 13.6 (a):   Reported Road Traffic Accidents, 2017 – 2021……….........………………………….268",""
"","Table 13.6 (b):   Reported Road Accidents Casualties by Type and Class, 2017 – 2021……………269"
"Table 13.7 (a):   Meter Gauge Railway Traffic, 2017-2021.................................................................270",""
"Table 13.7 (b):   Standard Gauge Railway Traffic, 2017-2021............................................................271",""
"Table 13.8:","Traffic Handled at the Port of Mombasa, 2017 – 2021.............................................272"
"Table 13.9:","Pipeline Throughput of White Petroleum Products, 2017 – 2021.............................273"
"Table 13.10:","Commercial Passenger Traffic by Airport, 2017 – 2021............................................274"
"Table 13.11:","Commercial Cargo and Mail Traffic by Airport, 2017 – 2021....................................275"
"Table 13.12:","Domestic and International Aircraft Movements, 2017 – 2021.................................276"
"Table 13.13","Selected Aviation Industry Indicators, 2017 – 2021….....……………………………..277"
"Table 13.14:","Postal Services, 2017 – 2021 ..................................................................................278"
"Table 13.15:","Grain Storage Capacity Available for Leasing by County as at 31st"
"","December, 2021…............................................................................................……279"
"Table 14.1:","Value of Output, Intermediate Consumption and Value Added of the"
"","ICT Sector, 2017-2021..............................................................................................284"
"Table 14.2:","Fixed Telephone and Mobile Network Services, 2017-2021.....................................285"
"Table 14.3:","Telephone Call Traffic, 2017-2021............................................................................286"
"Table 14.4:","Message Service Traffic, 2017-2021........................................................................287"
"Table 14.5:","Internet Providers and Subscriptions, 2017-2021.....................................................288"
"Table 14.6:","Broadband Services, 2017-2021..............................................................................289"
"Table 14.7:","Fixed and Mobile Charges, 2017-2021.....................................................................291"
"Table 14.8:","Average International Call Rates from Mobile Phone and Fixed Telephone,"
"","2017- 2021................................................................................................................292"
"Table 14.9:","Registered Kenyan Domains, 2017-2021.................................................................293"
"Table 14.10:","Media Frequencies and Mobile Transceivers, 2017-2021........................................295"
