"Table 10.3","Percentage Change in Quantum Indices of Manufacturing Production,"
"","2017 -2021................................................................................................................220"
"Table 10.4","Production of Selected Commodities 2017 – 2021……………………….............…..222"
"Table 10.5","Cement Production and Utilization, 2017 – 2021………………….....................……224"
"Table 10.6","Producer Price Indices 2017 – 2021……………………………........................……..225"
"Table 10.7","Average Producer Prices of Selected Products, 2017 – 2021…...…………………..226"
"Table 10.8","Manufacturing Projects Approved by Commercial Banks and Other"
"","Financial Institutions, 2017 – 2021………………..................................................…227"
"Table 10.9","Industrial Projects Approved by Kenya Industrial Estates, 2017- 2021……….........228"
"Table 10.10","Industrial Projects Approved by Kenya Industrial Estates, 2017 – 2021……........…229"
"Table 10.11","Selected EPZ Performance Indicators, 2017 – 2021………..................…………….230"
"Table 10.12","Selected EPZ Garment/ Apparel Performance Indicators under AGOA,"
"","2017 – 2021…..........................................................................................................230"
"Table 11.1","Selected Key Economic Indicators in the Construction Sector 2017 -2021……......232"
"Table 11.2","Quarterly Indices of Construction Inputs in 2021…………….............................……233"
"Table 11.3","Monthly Average Basic Wages in the Construction Industries, 2017 – 2021…........233"
"Table 11.4","Reported Number of Private and Public Buildings Completed, 2017 – 2021…...….234"
"Table 11.5","Reported Value of Private and Public Buildings Completed, 2017 – 2021…....……234"
"Table 11.6","Value of Reported Private Building Plans Approved and building Works"
"","Completed in Nairobi City County, 2017 – 2021…................................................…235"
"Table 11.7","Housing Loans Advanced by the National Housing Corporation by County,"
"","2017/18 – 2020/21………………..........................................................................….236"
"Table 11.8:","Government Expenditure on Housing, 2017/18- 2021/22………...................………237"
"Table 11.9:","National Government Expenditure on Roads, 2017/18 -2021/22......................……237"
"Table 11.10:","Status of Ongoing R2000 and R10000 Programme for the Period, 2019 – 2021....239"
"Table 11.11:","Kilometres of Roads by Type and Classification as at 30th June,  2017 – 2021…..240"
"Table 11.12:","Selected Major Road Works in Progress as at December 2021….....................…..242"
"Table 11.13:","The Status of Construction and Rehabilitation of MGRs as at 31st"
"","December  2021…....................................................................................................244"
"Table 12.1:","International Visitor Arrivals by Purpose of Visit, 2017-2021....................................249"
"Table 12.2:","International Visitor Departures by Purpose of Visit and Quarter, 2017-2021..........251"
"Table 12.3:","Departing Visitors by Country of Residence and Purpose of Visit, 2019-2021.........252"
"Table 12.4:","Number of Visitor-Days Stayed by Purpose of Visit, 2017-2021..............................253"
"Table 12.5:","Hotel Bed-Nights Occupancy by Country of Residence, 2017-2021........................255"
"Table 12.6:","Hotel Bed-Nights by Zone, 2017- 2021....................................................................256"
"Table 12.7:","Hotel Bed-Nights Occupancy by Area and Country of Residence, 2020-2021.........257"
"Table 12.8:","Hotel Bed Nights Occupancy in Game Lodges, 2019 - 2021...................................258"
