"Table 3.12:","Gazetted Monthly basic minimum wages for agricultural industry, 2017-2021….......69"
"Table 3.13:","Average Gazetted Monthly Basic Minimum Wages in Urban Areas in"
"","2020 and 2021……................................................................................................… 70"
"Table 3.14:","Collective Bargaining Agreements Registered by the Industrial Court,"
"","2020 and 2021……................................................................................................... 71"
"Table 3.15a:","National Consumer Price Indices and Rates of Inflation by COICOP Divisions,"
"","2019-2021..................................................................................................................72"
"Table 3.15b:","Consumer Price Indices for Food and Non-Alcoholic Beverages by COICOP"
"","Classes, 2019-2021……………………..................................................................….73"
"Table 3.15c:","Annual Average Retail Prices of Selected Consumer Goods in the Consumer"
"","Price Basket, 2017-2021………….........................................................................… 74"
"Table 3.16:","Annual Inflation, 2017-2021…………….................................................................….74"
"Table 3.17:","Consumer Price Indices for Nairobi Lower Income Group, 2017-2021……………….75"
"Table 3.18:","Consumer Price Indices, Nairobi Middle Income Group, 2017-2021…….........……. 75"
"Table 3.19:","Consumer Price Indices, Nairobi Upper Income Group, 2017-2021….................…..76"
"Table 3.20:","Consumer Price Indices, Overall Nairobi, 2017-2021………………..................…… 76"
"Table 3.21:","Consumer Price Indices, the Rest of Urban Areas, 2017-2021…...…………………..77"
"Table 3.22:","Consumer Price Indices Kenya, 2017-2021 ………………………......................……77"
"Table 4.1:","Selected Monetary Indicators, 2017 - 2021................................................................80"
"Table 4.2:","Money and Quasi Money Supply, 2017 – 2021..........................................................81"
"Table 4.3:","Consolidated Accounts of the Banking System, 2017 – 2021....................................82"
"Table 4.4:","Changes in Money Supply and the Sources, 2017 – 2021.........................................83"
"Table 4.5:","Real Values of Selected Financial Aggregates1, 2017-2021.....................................84"
"Table 4.6:","Nominal Principal Interest Rates, 2017-2021.............................................................84"
"Table 4.7:","Selected Real Principal Interest Rates, 2017-2021....................................................85"
"Table 4.8:","Central Bank of Kenya Assets and Liabilities, 2017 to 2021......................................86"
"Table 4.9a:","Commercial Banks’ Bills, Loans and Advances1, 2017–2021....................................87"
"Table 4.9b:","Commercial banks bills, Loans and Advances sector shares………..............……….88"
"Table 4.10:","Commercial Banks’ Deposit Liabilities and Liquid Assets, 2017–2021.......................89"
"Table 4.11:","Key Performance Indicators for Deposit Taking Savings and Credit"
"","Cooperatives, 2017-2021...........................................................................................90"
"Table 4.12:","Gross Secondary Market Statistics, 2017–2021.........................................................91"
"Table 4.13:","Performance Indicators for Life Insurance Business, 2017-2021...............................92"
"Table 4.14:","Performance Indicators for General Insurance Business, 2017 - 2021......................93"
"Table 4.15:","Assets of Pension Funds, 2017-2021.........................................................................94"
"Table 5.1:","Statement of National Government Operations, 2017/18-2021/22............................98"
"Table 5.2:","Analysis of Key Fiscal Ratios, 2017/18 - 2021/22......................................................99"
