"Table 7.19: Pyrethrum Flowers and Pyrethrum Extract Production, Prices and Value, 2017-2021","","","","","",""
"","Unit","2017","2018","2019","2020","2021*"
"Pyrethrum flowers (dry)","","","","","",""
"Production","Tonnes","147.6","187.9","314.6","284.9","501.0"
"Price","KSh/ Kg","130.00","151.91","217.77","200.00","213.00"
"Value","KSh million","19.2","28.5","68.5","57.0","106.7"
"Pyrethrum Extract","","","","","",""
"Production","Tonnes","3.0","3.8","7.4","5.7","11.5"
"Price","KSh/ Kg","24,990.35","24,980.19","24,999.26","23,151.35","25,000.00"
"Value","KSh million","73.8","94.0","185.3","131.9","287.5"
