"","","","","","KSh Million"
"","2017","2018","2019","2020","2021*"
"PUBLIC  SECTOR:","","","","",""
"Agriculture, forestry and fishing","17,833.6","18,333.7","20,062.1","21,302.7","21,569.5"
"Mining and quarrying","261.4","276.8","319.0","349.5","360.9"
"Manufacturing","22,729.6","23,759.1","23,756.7","24,089.4","24,258.7"
"Electricity, gas, steam and air conditioning","23,674.7","24,235.3","26,945.6","26,627.3","26,042.8"
"supply","","","","",""
"Water supply; sewerage, waste","5,839.8","5,824.9","6,171.8","6,084.5","6,307.1"
"management and remediation activities","","","","",""
"Construction","6,173.1","6,250.7","7,161.6","7,861.9","8,035.8"
"Wholesale and retail trade; repair of motor","1,827.7","1,848.2","2,021.1","2,297.8","2,297.2"
"vehicles and motorcycles","","","","",""
"Transportation and storage","31,394.5","33,289.8","35,479.0","38,811.1","42,003.2"
"Accommodation and food service activities","2,464.0","2,864.0","3,507.8","4,195.2","4,111.0"
"Information and communication","1,457.5","1,518.2","1,701.9","1,812.8","1,818.9"
"Financial and insurance activities","18,339.4","20,532.4","22,856.6","24,833.5","21,620.4"
"Real estate activities","-","-","-","-","-"
"Professional, scientific and technical","5,190.6","5,568.3","6,385.6","7,845.2","7,935.6"
"activities","","","","",""
"Administrative and support service activities","-","-","-","-","-"
"Public administration and defence;","181,975.9","191,134.1","199,023.0","199,433.9","221,650.5"
"compulsory social security","","","","",""
"Education","211,256.8","235,545.7","262,788.2","264,583.1","281,497.8"
"Human health and social work activities","55,735.4","57,805.4","68,206.1","79,353.9","88,398.8"
"Arts, entertainment and recreation","1,783.8","1,779.9","2,035.2","2,222.1","2,239.0"
"Other service activities","-","-","-","-","-"
