"Table 9.8: Electricity Demand and Supply, 2017-2021","","","","",""
"","","","","","GWh"
"Category","2017","2018","2019","2020","2021*"
"Domestic and Small Commercial","3,528.3","3,665.9","3,780.1","3,829.1","4,088.6"
"Large & Medium (Commercial and Industrial)","4,199.0","4,336.5","4,441.0","4,281.0","4,728.4"
"Off-peak1","42.2","30.4","..","..",".."
"Street Lighting","60.1","68.2","63.9","74.5","99.6"
"Rural Electrification","580.6","601.3","569.0","611.9","648.80"
"TOTAL DOMESTIC DEMAND","8,410.1","8,702.3","8,854.0","8,796.4","9,565.4"
"Exports to Uganda & Tanzania","12.3","35.2","16.2","16.52","18.22"
"Transmission2 and Distribution losses","1,937.5","2,444.5","2,750.5","2,790.7","2,831.0"
"TOTAL DEMAND = TOTAL SUPPLY3","10,359.9","11,182.0","11,620.7","11,603.6","12,414.7"
"Less imports from Uganda and Ethiopia","229.6","130.3","212.0","136.7","288.0"
"Local generation","10,130.3","11,051.7","11,408.6","11,466.9","12,126.7"
