"2.17. Table 2.3 presents the GDP at constant prices","47.7 per cent in 2020 to a growth of 52.5 per cent,"
"while growth rates for the respective sectors and","mainly attributed to recovery of the tourism sector."
"sub-sectors are shown in Table 2.4. Real GDP in","The various sectors registered mixed performance"
"absolute terms increased from a revised total of","in 2021 with some registering slowed growths while"
"KSh 8,735.0 billion in 2020 to KSh 9,391.7 billion","others recorded improvements. Some of the sectors"
"in 2021. This translated to an overall growth of 7.5","that recorded higher growths in 2021 compared to"
"per cent in 2021 compared to a contraction of 0.3","2020 include; Education (21.4%); Financial and In-"
"per cent in 2020. Accommodation and food services","surance (12.5%); Information and communication"
"registered the highest growth from a contraction of","(8.8%) Transportation and Storage (7.2 %)"
