"Price Changes",""
"6.7. Highlights of export and import unit price indices","respectively. Over the same period, all imports price"
"of commodity groups for the period 2017 to 2021 are","index increased by 13.1 per cent to 215.2 in 2021."
"presented in Table 6.2. There was a notable increase","This was occasioned by an increase in import price"
"in all exports price index from 142.6 in 2020 to 157.7","indices of all commodity groupings except import"
"in 2021. The increase was majorly as a result of in-","price indices of food and live animals; and miscel-"
"crease in export price indices of machinery and trans-","laneous manufactured articles which decreased by"
"port equipment; and animal and vegetable oils and","5.5 per cent and 17.1 per cent, respectively, in 2021."
"fats which rose by 62.7 per cent and 39.3 per cent,",""
"Table 6.2: Export and Import Price Indices, 2017-2021",""
"","2009=100"
