"Brazil, Russia, India, Indonesia, China and","percentage of GDP improved from a surplus of 2.0"
"","per cent in 2020 to 4.9 per cent in 2021."
"South Africa",""
"1.12. The emerging economies of Brazil, Russia,",""
"India, Indonesia, China and South Africa (BRIICS)","Sub-Saharan Africa (SSA)"
"recorded an average growth of 5.9 per cent in 2021","1.16. Sub-Saharan Africa’s real GDP is estimated"
"","to have grown by 3.7 per cent in 2021 compared"
"compared to a contraction of 3.5 per cent in 2020.",""
"","to a contraction of 1.7 per cent in 2020, driven by"
"The growth was mainly supported by strong con-",""
"","high commodity prices, international tourist arrivals,"
"sumer demand and increased investment, as the",""
"","and increased agricultural production. However, the"
"COVID-19 restrictions eased. Inflation rose from",""
"","recovery was slower compared to the global growth,"
"3.4 per cent in 2020 to 4.5 per cent in the review",""
"","attributed to the onset of the second and third waves"
"period, mainly due to high commodity prices and",""
"","of COVID-19 infections between January and July"
"supply chain disruptions.  Current account balance",""
"","2021, and low oil production in oil-producing coun-"
"as a percentage of GDP for the bloc widened from",""
"","tries. Inflation in the bloc rose from 10.3 per cent"
"a surplus of 0.9 per cent in 2020 to a 2.0 per cent",""
"","in 2020 to 10.7 per cent in 2021, due to a rise in"
"surplus in 2021.",""
"","energy and food prices. Current account balance"
"","as a percentage of GDP narrowed to a deficit of 2.2"
"1.13. The Indian economy expanded by 9.4 per cent","per cent in 2021 from 3.0 per cent recorded in 2020."
"in 2021 compared to a contraction of 7.3 per cent","The narrowing of the deficit was mainly due to more"
"in 2020. The rebound was supported by increased","favourable terms of trade and continued growth of"
"exports of motor vehicles, strong consumer demand","remittances."
"and fiscal measures. Inflation rose from 6.2 per cent",""
"in 2020 to 6.4 per cent in 2021, mainly due to in-",""
"creased commodity prices and supply chain disrup-","1.17. The recovery was also curtailed by lackluster"
"","performance registered by the three major econo-"
"tions. The current account balance as a percentage",""
"","mies in the region (Nigeria, South Africa and Ango-"
"of GDP worsened from a surplus of 0.9 per cent in",""
"","la). Nigeria’s economy expanded by 2.6 per cent in"
"2020 to a deficit of 0.6 per cent in 2021, mainly due",""
"","2021 compared to a contraction of 1.8 per cent in"
"to the increased price of crude oil.",""
"","2020, mostly supported by non-oil sectors. Growth"
"1.14. China reported an accelerated growth of 8.1","was constrained by low oil production attributed to"
"per cent in 2021 compared to a 2.3 per cent growth","work disruption at the oil fields coupled with decline"
"recorded in 2020. The growth was supported by ro-","in extractive investments.  The economy of Angola"
"bust investment and consumption, manufacturing","contracted by 0.7 per cent in 2021 compared to 5.4"
"and exports. Inflation eased from 2.5 per cent in","per cent contraction in 2020, mainly due to low oil"
"2020 to 0.8 per cent in 2021, partly due to a limited","production as a result of ageing oil fields."
"shift in the prices of imported raw materials. Current",""
"account balance as a percentage of GDP narrowed","East African Community (EAC)"
"from a surplus of 1.9 per cent in 2020 to a 1.7 per","1.18. East African Community’s (EAC) real GDP is"
"cent surplus in 2021.","estimated to have expanded by 4.9 per cent in the"
"","period under review compared to a growth of 1.0"
"1.15. South African economy grew by 5.2 per cent",""
"","per cent recorded in 2020. The accelerated growth"
"in 2021 compared to a contraction of 6.4 per cent",""
"","was supported by favourable weather conditions in"
"in 2020.  The recovery was supported by increased",""
"","most of the countries in the region which resulted"
"exports and household consumption driven by gov-",""
"","in bumper cereal output. Inflation remained more or"
"ernment support through social transfers. However,",""
"","less the same in 2021 due to stable food inflation."
"the recovery was curtailed by social unrest in July",""
"","Current account balance widened to a 5.7 per cent"
"2021.  Inflation rose to 4.4 per cent in 2021 from",""
"","deficit in 2021 from a deficit of 5.0 per cent recorded"
"3.3 per cent in 2020. Current account balance as a",""
"","in 2020 largely due to sluggish recovery of exports"
