"Temperature",""
"8.26. The mean annual, maximum and minimum","8.27.  The  mean  annual  minimum  temperatures"
"temperatures by meteorological region are shown","decreased generally during 2021 except the South"
"in Table 8.16. The mean maximum temperatures for","Eastern region which recorded an increase from 17.3"
"the country increased from 28.1 degrees Celsius in","degrees Celsius in 2020 to 18.9 degrees Celsius in"
"2020 to 28.6 degrees Celsius in 2021. The highest","2021. The overall minimum temperatures for the"
"maximum temperature during the year was record-","country decreased marginally from 17.8 degrees"
"ed in the North Western region, represented by the","Celsius in 2020 to 17.5 degrees Celsius in 2021."
"Lodwar station at 36.1 degrees Celsius.",""
