"","","","","‘000 Ha"
"Category of forest cover type","2017","2018","2019","2020"
"Natural Forests","","","",""
"Indegenous mixed trees","3,925.0","3,925.0","3,925.0","3,925.0"
"Bamboo","59.0","59.0","59.0","59.0"
"Mangroves","49.0","49.0","49.0","49.0"
"Sub Total (Natural Forests)","4,033.0","4,033.0","4,033.0","4,033.0"
"Public Plantation forests","135.1","141.6","147.6","149.6"
"Private plantation forests","47.0","47.0","47.0","47.0"
"Total Forest Area","4,215.1","4,221.6","4,227.6","4,229.6"
"Grassland and Bushland","41,100.0","41,000.0","41,000.0","41,000.0"
"Total Area for Country","59,196.9","59,196.9","59,196.9","59,196.9"
"Forest Cover (%)","7.12","7.13","7.14","7.14"
