"per cent to KSh 15.3 trillion in the same period. The","while number of teachers in public secondary schools"
"growth is attributed to the Government requirement","and teacher training colleges increased by 6.3 per"
"for the use of mobile money platforms in a bid to curb","cent to 120,279 in 2021. Enrolment in Technical and"
"the spread of COVID-19 through the handling of cash","Vocational Education and Training (TVET) institutions"
"during the review period. The number of domestic","grew by 10.4 per cent to 498,326 in 2021, while"
"SMSs sent declined by 37.2 per cent to 42.7 billion","university enrolment is expected to grow from 546.7"
"while international SMS sent declined by 23.0 per","thousand in 2020/21 to 562.1 thousand in 2021/22"
"cent to 28.0 million SMSs in 2021.","academic year. The amount of loans and bursaries"
"","awarded by Higher Education Loans Board (HELB)"
"In 2021, 44.3 per cent of available bandwidth was",""
"","declined from KSh 15.4 billion in 2019/2020 to KSh"
"utilised compared to 49.6 per cent in 2020. The total",""
"","14.4 billion in 2020/2021. Government funding to"
"fixed and wireless internet subscriptions increased",""
"","universities through the Universities Fund is expected"
"by 4.4 per cent to 46.4 million subscribers in 2021.",""
"","to increase from KSh 41.9 billion in 2020/21 to KSh"
"Digital TV subscribers increased by 9.2 per cent to",""
"","43.8 billion in 2021/22."
"6.0 million while digital distributors remained five in",""
"the period under review. Average online newspaper",""
"visitors per day increased by 11.4 per cent to 4.2",""
"","Health and Vital Statistics"
"million in 2021.",""
"","National Government expenditure on health services"
"","is expected to increase by 16.6 per cent to KSh"
"","110.2 billion in 2021/22. The proportion of National"
"Education and Training",""
"","Government expenditure on health to total National"
"Total expenditure for the education sector is expected",""
"","Government expenditure was 3.3 per cent in 2020/21."
"to reduce by 16.3 per cent to KSh 395.5 billion in",""
"","County Governments’ expenditure on health services"
"2021/22 financial year. Recurrent expenditure for",""
"","is expected to grow to KSh 116.5 billion in 2021/22."
"the sector is expected to decrease by 16.7 per cent",""
"","The National Hospital Insurance Fund (NHIF) mem-"
"to KSh 380.6 billion in 2021/22, while Development",""
"","bership increased by 6.6 per cent to 23.4 million with"
"expenditure for the sector is expected to reduce to",""
"","members’ contributions growing by 2.1 per cent to"
"KSh 15.0 billion in 2021/22. Total number of schools",""
"","KSh 60.8 billion in 2020/21"
"grew by 1.4 per cent from 88,506 in 2020 school",""
"year to 89,747 in 2021 school year. Number of reg-","The number of health facilities decreased by 3.2 per"
"istered pre-primary schools increased from 46,652","cent to 14,137 while the number of hospital beds"
"in 2020 to 46,671 in 2021. During the review period,","and cots increased to 100,183 in 2021. Deliveries in"
"the number of primary schools rose by 3.6 per cent","health facilities increased by 5.7 per cent to 1.2 mil-"
"to 32,594. The increase in number of schools was","lion in 2021 with normal deliveries accounting for 82.4"
"mainly attributed to registration of more schools and","per cent of total deliveries. There was an increase"
"the reopening of some private schools which were","in the number of registered health professionals to"
"closed during the COVID-19 pandemic. Number of","222,870 in 2021. The number of middle-level medical"
"public universities increased to 32 following award","graduates at Kenya Medical Training College (KMTC)"
"of a charter to National Defence University - Kenya.","increased by more than three times from 4,114 in"
"","the 2019/20 academic year to 12,437 in the 2020/21"
"Enrolment in pre-primary 1 and 2 increased margin-",""
"","academic year. The total number of university under-"
"ally to 2,845.3 thousand in 2021 school year from",""
"","graduate and postgraduate health science students"
"2,832.9 thousand in 2020 school year. Total enrol-",""
"","increased by 4.3 per cent to 23,164 while the total"
"ment in primary schools increased by 1.1 per cent to",""
"","number of medical graduates and post-graduates"
"10,285.1 thousand in 2021 school year. Total enrol-",""
"","increased by more than two-fold to 3,399 in 2021."
"ment in secondary schools rose by 4.9 per cent to 3.7",""
"million in 2021. Number of teachers in public primary","The number of registered births increased from 1.1"
"schools increased by 1.2 per cent to 220,744 in 2021,","million in 2020 to 1.2 million in 2021. Birth registration"
