"Exchange (NSE) launched day trading of shares in","4.28 the pensions sector, the Public Service Super-"
"November 2021 following approval by the regulator,","annuation Scheme (PSSS) was effected in January"
"Capital Markets Authority (CMA), making Kenya","2021 following the enactment of the Public Service"
"the first frontier market to launch day trading. Day","Superannuation Scheme Act, 2012. The PSSS is"
"trading is the practice of purchasing and selling a","a contributory scheme, with members estimated at"
"security within a single day or trading session or mul-","352,000 in December 2021.The government had"
"tiple times over the course of the day. On the other","been operating a non-contributory pension scheme"
"hand, the regulator, Capital Market Authority issued","since independence fully financed by the Exchequer."
"a guidance on share buy backs for listed companies",""
"in November 2021 aimed at enhancing investor pro-",""
"tection and promoting orderly capital markets.",""
