"quarter of the country’s gross domestic product, is",""
"projected to underperform on account of poor weath-",""
"er patterns. So far, there was a failure of short rains",""
"in most parts of the country during the fourth quarter",""
"of 2021 which resulted in suppressed production",""
"of key crops in the first quarter of 2022. Moreover,","The  global  economy  is  projected  to"
"was a delay in the onset of the long rains which is","remain robust in 2022 as the world copes"
"likely to hamper production in the second quarter of",""
"","better  with  the  COVID-19  pandemic."
"2022. Subsequently, the performance of the sector",""
"","Against this backdrop, the world trade is"
"is expected to be below par in 2022. On the brighter",""
"","expected to remain strong and therefore"
"side, activities in the other sectors of the economy",""
"are likely to continue on a growth trajectory after the","supportive  of  external  demand 
for"
"successful containment of the COVID-19 pandemic","Kenyan’s goods and services"
