"","30th June 2017 - 2021…………………………...........................................…………393"
"Table 17.28:","Classification of Offenses by the National Police Service..................................…..394"
"Table 17.29:","Description of Offences………………………………..........................................……395"
"Table 17.30:","Definition of Child Protection Cases………………………......................……………396"
"Table 17.31:","Definition of Child Protection Interventions………………………......................…….399"
"Table 18.1:","National Government Expenditure on Social Services, 2017/18-2021/22...............403"
"Table 18.2:","Women Enterprise Fund Loan Disbursement 2017/18-2021/22..............................404"
"Table 18.3:","Women Enterprise Fund Loans Disbursement by  Sector 2018/19-2020/21...........404"
"Table 18.4:","Uwezo Fund Loans Disbursement to Women, Youth and PWD Groups,"
"","2017/18-2021/22......................................................................................................405"
"Table 18.5:","Youth Enterprise Development Fund Loan Disbursements, 2017/18-2021/22........406"
"Table 18.6:","National Government Affirmative Action Fund Support by Programme,"
"","2017/18-2021/22.......................................................................................................407"
"Table 18.7:","Number of Registered and Reporting Procuring Entities, Amount Reserved"
"","and Awarded Under AGPO 2017/18-2021/22..........................................................408"
"Table 18.8:","Tenders Awarded Under Agpo by Public Procuring Entities, 2017/18-2021/22........409"
"Table 18.9:","Servicewomen and Servicemen in NYS, 2017-2021...............................................410"
"Table 18.10:","Participation Of Women and Men in Selected Decision-making Positions"
"","in the Public Service, 2020-2021..............................................................................412"
"Table 18.11:","Distribution of Members of County Assembly by County and Sex 2020 and 2021...414"
"Table 18.2:","Distribution of County Executive Committee Members by County and Sex,"
"","2020 and 2021..........................................................................................................416"
"Table 18.13:","Disbursement of Funds to Orphans and Vulnerable Children"
"","2017/18-2021/22.......................................................................................................418"
"Table 18.14:","Disbursement of Funds to Older Persons, 2017/18-2021/22...................................419"
"Table 18.15:","Disbursement of Funds to Persons with Severe Disabilities,"
"","2017/18-2021/22.......................................................................................................419"
"Table 18.16:","Disbursement of Funds for Hunger Safety Net Programme"
"","2017/18-2021/22...................................................................................................... 420"
"Table 18.17:","National Social Security Fund Annual Membership, Contributions"
"","and Benefits by Sex, 2017-2021...............................................................................421"
"Figure 18.18:","Number of Adolescents Presenting with Pregnancy at 1st ANC Visit,"
"","2017-2021.................................................................................................................346"
"Table 19.1:","Fertility and Nuptuality by County, 2019...................................................................426"
"Table 19.2:","Mortality by County, 2019.........................................................................................429"
"Table 19.3:","In-Migration, Out-Migration and Net Migration of recent Migrants, 2019..................431"
"Table 19.4:","Distribution of Recent Migrants by Major Urban Centres, 2019...............................432"
