"Table 2.11b: Gross Fixed Capital Formation, 2017-2021","","","","",""
"","","","","Percentage Contribution",""
"Type of Asset","2017","2018","2019+","2020+","2021*"
"Dwellings","26.0","27.7","28.0","32.4","32.9"
"Buildings other than dwellings","8.6","9.1","9.2","10.5","10.6"
"Other structures","25.2","27.1","28.9","28.8","26.7"
"Transport equipment","15.2","13.6","14.1","10.5","13.1"
"ICT equipment","6.4","5.0","4.9","4.5","4.1"
"Other machinery and equipment","16.0","15.2","13.4","11.5","11.1"
"Animal resources yielding repeat products","0.5","0.8","0.4","0.9","0.7"
"Tree crop and plant resources yielding repeat","0.5","0.5","0.5","0.5","0.4"
"products","","","","",""
"Intellectual property products","1.5","1.0","0.5","0.4","0.3"
"Total","100.0","100.0","100.0","100.0","100.0"
