"Data Quality","Periodicity"
"The Economic Survey report is an annual publication","The Economic Survey report is published annually."
"prepared by the Kenya National Bureau of Statistics",""
"that provides socio-economic information covering",""
"a five-year period. Statistics presented in Economic","Consistency"
"Survey reports are produced in line with internation-","The Bureau maintains a compendium of statistical"
"ally sound and scientific methods that are anchored","definitions. The Bureau has endeavored to provide"
"on the fundamental principles of producing official","the same format of statistical tables as in previous"
"statistics.","years to enable consistency and trend comparison"
"","over time."
"In particular, the report presents information on all",""
"","Accessibility"
"sectors of the economy based on the Kenya Stan-",""
"","The Economic Survey and other KNBS reports are"
"dard Industrial classification of all Economic Activities",""
"","disseminated through various platforms. The plat-"
"(KESIC), as well as information on other emerging",""
"","forms include the KNBS website: www.knbs.or.ke,"
"topical issues.",""
"","publications, press releases and social media. The"
"","hardcopy publication is also available at the head-"
"","quarter and county offices."
"Data Sources",""
"The statistics published in the Economic Survey",""
"reports are based on a wide variety of sources includ-",""
"","Timeliness"
"ing own surveys and censuses, studies carried out",""
"","The report is produced at most 150 days after the"
"by other institutions and administrative data collected",""
"","end of the review year."
"by Ministries, Departments and Agencies, County",""
"Governments; and establishments.  The sources of",""
"data are always recognized.",""
"Accuracy and Reliability",""
"All censuses and surveys conducted by the Bureau","The  Bureau  maintains  a  compendium  of"
"are based on international standards and methods.","statistical  definitions.  The  Bureau  has"
"Sampling and non-sampling errors that may occur in",""
"","endeavored to provide the same format of"
"a census or survey are always disclosed. Data from",""
"","statistical tables as in previous years to"
"administrative sources are subject to international",""
"","enable consistency and trend comparison"
"best practices on statistics and are verified and val-",""
"idated through sectoral Technical Working Groups.","over time"
