"4.17. Table 4.10 presents commercial banks’ deposit","billion as at end of December 2021. Deposit liabilities"
"liabilities and liquid assets from 2017 to 2021. The","increased significantly by KSh 327.0 billion to KSh"
"overall liquidity ratio for commercial banks as at the","4,427.4 billion as at end of 2021 from KSh 4,100.4"
"end of 2021 increased to 59.3 per cent compared","billion recorded as at end of 2020. During the review"
"to 56.5 per cent recorded as at end of December","period, the highest value of deposit liabilities was"
"2020. Liquid assets grew by 13.5 per cent from KSh","recorded in August at KSh 4,452.4 billion."
"2,315.3 billion as at December 2020 to KSh 2,626.8",""
"Table 4.10: Commercial Banks’ Deposit Liabilities and Liquid Assets, 2017 – 2021",""
