"","","","","","Number"
"","2017","2018","2019","2020","2021*"
"Aviation Personnel Licenses","","","","",""
"Air Transport Pilot Licence (ATPL)","1,116","1,165","1,375","1,435","1,453"
"Commercial Pilot Licence (CPL)","1,607","1,641","1,756","1,829","1,869"
"Private Pilot Licence (PPL)","1,316","1,349","1,351","1,674","1,783"
"Student Pilot Licence (SPL)","2,710","2,905","2,947","3,236","3,337"
"Cabin Crew Member Certificate (CMC)","2,090","2,140","2,270","2,448","2,464"
"Aircraft Maintainance Engineers (AMEL)","738","775","819","873","895"
"Total","9,577","9,975","10,518","11,495","11,801"
"Valid Operational Licenses","","","","",""
"Aircraft with Valid Certificate of Air Worthiness (COA)","749","804","807","735","782"
"Air Operator Certificates (AOCs)","87","89","90","84","78"
"Approved Maintainance Organisations (AMOS)","143","161","69","105","108"
"Approved Training Organisations (ATOS)","19","22","22","19","19"
"Flight Dispatcher License","186","211","311","317","298"
"Scheduled Airlines.","79","79","79","80","80"
"Total","1,263","1,366","1,378","1,340","1,365"
"Aerodrome Category","","","","",""
"International-Class A","8","8","8","8","8"
"Domestic (Regional)- Class B","23","23","23","23","23"
"Air strips-Class C","440","440","440","440","440"
"Heliports/Helipads-Class D","20","20","20","20","20"
"Total","491","491","491","491","491"
"CAA Inspectors and Air Traffic Controllers","","","","",""
"Air Traffic Controllers (ATCOs)","177","175","212","206","202"
"Air Worthiness Inspectors","24","32","25","26","23"
"Flight Operations","21","30","25","21","23"
"Personnel Licensing","10","10","11","9","11"
"Others","25","25","28","24","23"
"Total","257","272","301","286","282"
