"* Provisional",""
"General Government",""
"5.21. Table 5.16 details the consolidated General","compensation of employees, and use of goods and"
"Government statement of operations from 2016/17 to","services accounting for 34.2 per cent and 20.6 per"
"2020/21. Total revenue increased from KSh 2,255.5","cent of the total expense, respectively. Expenditure"
"in 2019/20 to KSh 2,268.5 billion in 2020/21. Tax","on net acquisition of non-financial assets declined by"
"revenue and other revenue accounted for 67.7 per","7.8 per cent to KSh 333.2 billion in 2020/21. General"
"cent and 29.1 per cent of the total revenue, respec-","Government net borrowing position increased by"
"tively. Total expense grew by 5.5 per cent from KSh","12.8 per cent to KSh 983.2 billion."
"2,765.8 billion to KSh 2,918.5 billion in 2020/21 with",""
