"Indices of Construction Inputs",""
"11.5. Table 11.2 presents the quarterly indices of","went up by 0.12 per cent and 0.71 per cent, respec-"
"construction inputs for 2021. In the fourth quarter","tively. Indices of Equipment and labour went down"
"of 2021, the overall construction cost index went up","by 0.37 per cent and 0.02 per cent respectively in"
"to 106.12 compared to 106.06 in the third quarter.","the same period."
"Indices of Materials and; Transport and Fuels also",""
"Table 11.2: Quarterly Indices of Construction Inputs in 2021",""
