"Table 4.9(b): Commercial Banks’ Bills, Loans and Advances Sector Shares1, 2017 – 2021","","","","",""
"","","","","","Per cent"
"","2017","2018","2019","2020","2021*"
"","Dec","Dec","Dec","Dec","Dec"
"PUBLIC SECTOR:","","","","",""
"National Government (net)2","24.6","27.0","28.2","31.9","34.3"
"County Government (net)","0.1","0.1","0.1","0.1","0.4"
"Enterprises, Parastatal bodies and other Public entities","3.3","2.7","2.3","2.0","1.7"
"TOTAL PUBLIC SECTOR","28.0","29.8","30.6","33.9","36.4"
"PRIVATE ENTERPRISES:","","","","",""
"Agriculture","2.6","2.3","2.1","2.1","1.9"
"Mining and Quarrying","0.5","0.4","0.4","0.3","0.3"
"Manufacturing","9.5","9.4","9.5","9.4","9.4"
"Building, Construction and Real Estate3","14.5","13.6","12.8","12.0","10.8"
"Transport, Storage and Communication","5.7","4.9","4.9","4.9","4.9"
"Wholesale and retail trade, hotels and restaurants","12.6","12.1","12.2","11.1","10.7"
"Financial Institutions","2.5","2.7","2.5","2.4","2.2"
"Other Business","9.5","9.8","10.4","10.3","10.4"
"TOTAL  PRIVATE  ENTERPRISES","57.4","55.3","54.7","52.5","50.6"
"Community and Personal Services (including Non-Profit Making Institutions)","11.6","11.6","11.3","10.3","9.5"
"Other Activities (nec)","3.8","3.3","3.3","3.2","3.5"
"TOTAL BILLS, LOANS AND ADVANCES","100.0","100.0","100.0","100.0","100.0"
