"9.11. During the period under review, there was a","price of Murban crude oil increased sharply from"
"gradual easing of protocols earlier instituted to con-","USD 41.45 per barrel in 2020 to USD 69.72 per"
"tain the COVID-19 pandemic. This led to increased","barrel in 2021. This was occasioned by increased"
"demand for oil products resulting to a steady rise","demand for crude oil globally on account of robustly"
"in Murban crude oil prices. Globally oil prices re-","recovering economies."
"bounded significantly despite the emergence of other",""
"","The highest price of the Murban crude oil of USD"
"COVID-19 variants in 2021.",""
"","82.11 per barrel was recorded in October 2021 while"
"9.12. Table 9.5 presents prices of Murban crude oil","the lowest price of USD 54.38 per barrel was record-"
"for the period 2017 to 2021. The average annual","ed in January 2021."
