"Railway Statistics",""
"11.16. The Status of Railway construction projects as","a rail length of 465 kilometres. Other lines that were"
"at 31st December 2021 is shown in Table 11.13. The","in progress were the Nakuru – Kisumu line, Gilgil"
"Kenya Railways rehabilitated the Meter Gauge Rail-","– Nyahururu line, Kisumu – Butere and the Leseru"
"way (MGR) lines with a view to resume operations","– Kitale line. The construction of the Naivasha ICD"
"on the existing branch lines. In 2021, rehabilitation","- Longonot MGR link, which is 23.4 kilometres, was"
"of the Longonot – Malaba line was completed with","completed in the same period."
