"9.8. Net domestic sales of petroleum fuels by con-","increased by 94.5 per cent to 147.5 thousand tonnes"
"sumer category for the period 2017 to 2021 are","in 2021. Similarly, fuel sales for rail transport almost"
"presented in Table 9.3. Total net domestic sales of","doubled from 11.4 thousand tonnes in 2020 to 19.4"
"petroleum fuels increased by 11.0 per cent in 2021","thousand tonnes in 2021."
"to 5.2 million tonnes attributed to the robust recovery",""
"","Domestic sales to the aviation sector increased by"
"of the economy in 2021 which drove a rise in fuel",""
"","27.2 per cent to 499.4 thousand tonnes while those"
"demand. All sectors except tourism registered a rise",""
"","to the tourism sector decreased by 7.1 per cent to"
"in net domestic sales of petroleum products in 2021.",""
"","6.0 thousand tonnes in 2021."
"Fuel sales to sectors involved in power generation",""
