"Category, 2017-2021","","","","",""
"","","","","","Number"
"Category of Institutions","2017","2018","2019","2020","2021*"
"Public","","","","",""
"Chartered universities","31","31","31","31","32"
"University constituent colleges","5","6","6","7","9"
"University campuses","168","111","64","64","64"
"Other Institutions1","2","3","4","1","2"
"Private","","","","",""
"Chartered universities","18","18","19","20","21"
"Universities with Letter of Interim Authority","12","14","13","13","12"
"University constituent colleges","5","5","5","3","3"
"Newly registered universities","-","-","-","-","-"
"Other Institutions1","2","3","3","3","3"
"Source: Commission for University  Education","","","","",""
"* Provisional","","","","",""
"","1 Institutions approved for collaboration with universities in offering university programmes","","","",""
