"*Provisional.",""
"Producer Prices",""
"10.23. The Producer Price Index (PPI) is valued at","in almost all sub sectors except in the manufacture"
"basic prices and measures the average change in","of beverages, wood and products of wood and cork"
"the price of goods as they leave the factory. The","except furniture, and motor vehicles. The highest"
"overall inflation as measured by Producer Price","price increase in 2021 was in the manufacture of"
"Index rose by 7.32 per cent to 109.55 in 2021 from","basic metals at 23.37 per cent followed by fabricated"
"102.08 in 2020 as shown in Table 10.6. This is","metal products at 11.49 per cent. Manufacture of"
"the largest increase since the rebased index was","motor vehicles recorded the largest price decrease"
"introduced. The increase in prices was witnessed","of 2.58 per cent."
