"manufacturing sector, agriculture, mining & quarrying increased by 13.1, 0.5 and 42.9 per cent, respectively","","","","",""
"as at the end of December 2021.","","","","",""
"","Table 4.9(a): Commercial Banks’ Bills, Loans and Advances1, 2017 – 2021","","","",""
"","","","","","KSh Million"
"","2017","2018","2019","2020","2021*"
"","Dec","Dec","Dec","Dec","Dec"
"PUBLIC SECTOR:","","","","",""
"National Government (net)2","817,775","956,267","1,084,808","1,392,132","1,691,645"
"County Government (net)","3,975","4,342","4,299","5,654","18,268"
"Enterprises, Parastatal bodies and other Public","108,424","96,608","87,985","85,550","81,869"
"entities","","","","",""
"TOTAL PUBLIC SECTOR","930,174","1,057,217","1,177,091","1,483,336","1,791,782"
"PRIVATE ENTERPRISES:","","","","",""
"Agriculture","84,697","83,005","80,990","93,418","93,883"
"Mining and Quarrying","16,470","14,700","13,852","12,065","17,236"
"Manufacturing","314,176","334,618","365,351","409,293","462,972"
"Building, Construction and Real Estate3","482,717","482,725","489,889","526,489","531,294"
"Transport, Storage and Communication","190,531","172,695","186,665","212,059","242,308"
"Wholesale and retail trade, hotels and restaurants","417,376","429,314","467,420","485,042","526,470"
"Financial Institutions","82,082","96,482","96,877","103,720","109,724"
"Other Business","315,720","346,249","400,709","451,493","510,315"
"TOTAL  PRIVATE  ENTERPRISES","1,903,769","1,959,787","2,101,754","2,293,580","2,494,203"
"Community  and  Personal  Services  (including","385,078","411,738","434,761","452,136","469,208"
"Non-Profit Making Institutions)","","","","",""
"Other Activities (nec)","127,076","115,190","127,867","140,486","170,074"
"TOTAL BILLS, LOANS AND ADVANCES","3,318,907","3,543,932","3,841,474","4,369,538","4,925,267"
