"Source AFA, Ministry of Agriculture, Livestock, Fisheries and Cooperatives",""
"*  Provisional",""
"7.24. Dairy Produce: Table 7.20 presents details","7.25. Livestock slaughtered: During the period"
"on livestock slaughtered and dairy products for 2017","under review, the number of cattle and calves slaugh-"
"to 2021. The quantity of recorded milk production","tered increased from 1,953.7 thousand heads in 2020"
"increased by 17.2 per cent from 684.4 million litres","to 2,004.9 thousand heads. However, the number"
"in 2020 to 801.9 million litres in 2021. Production of","of sheep and goats slaughtered decreased by 21.3"
"processed milk and cream also increased to 510.5","per cent from 12,040.2 thousand heads in 2020 to"
"million litres from 457.9 million litres over the same","9,478.0 thousand heads in 2021. The observed lower"
"period. Similarly, the quantities of processed butter","goat and sheep slaughtered was partly attributed"
"and ghee, and cheese increased by 7.1 per cent and","to low level of festivities and gatherings due to re-"
"11.6 per cent to 1,025.8 tonnes and 176.4 tonnes,","strictions imposed to contain COVID-19 pandemic."
"respectively, in 2021.","Similarly, the number of pigs slaughtered declined by"
"","10.4 per cent from 396.7 thousand heads recorded"
"","in 2020 to 355.5 thousand heads in 2021."
