"Visitors to Selected Museums, Snake Parks and Historical Sites",""
"12.20. The number of visitors to selected museums,","times to 102.6 thousand in 2021. Similarly, visitors"
"snake parks and historical sites from 2017 to 2021 is","to Fort Jesus more than doubled to 101.6 thousand"
"shown in Table 12.11. Overall, the number of visitors","in the review period. The increase in the number of"
"to attraction facilities more than doubled to 403.7","visitors was due to reopening of museums and her-"
"thousand in 2021. Visitors to Kisumu National Mu-","itage sites across the country following their closure"
"seum increased four times to 52.8 thousand while","for 6 months in 2020 due to the COVID-19 pandemic."
"those to Nairobi National Museum increased three",""
