"Bed night occupancy increased by 50.3 per cent","GDP 
increased 
from  KSh  10,716.0  billion 
in"
"to 5,517.0 thousand in 2021 while the number of","2020 
to  KSh  12,098.2  billion 
in  2021.  The"
"conferences held increased significantly from 1,204","agricultural sector’s contribution to GDP declined"
"in 2020 to 8,409 in 2021.","marginally in 2021 compared to 2020, registering"
"","a contribution of 22.4per cent. Other sectors that"
"2.16 Table 2.1 presents GDP by activity at current",""
"","contributed significantly to the economy in 2021"
"prices for the period 2017-2021 while Table 2.2",""
"","were Transportation  and  Storage  (11.4%);  Real"
"provides  the  contribution  of  the  various  sectors",""
"","Estate (8.9%); Manufacturing (7.2%); Financial and"
"to  nominal  GDP  for  the  same  period.  Nominal",""
"","Insurance Activities (7.1 %)."
