"7.12. Crop production: Table 7.9 shows estimates","of beans decreased by 14.0 per cent to 7.4 million"
"of production of selected food crops from 2017 to","bags in 2021, while production of millet and sorghum"
"2021. Production of maize decreased by 12.8 per","decreased by 58.8 per cent and 57.1 per cent re-"
"cent from 42.1 million bags in 2020 to 36.7 million","spectively to 0.7 million bags and 1.5 million bags"
"bags in 2021, mainly attributable to unfavorable","in 2021. However, production of potatoes increased"
"weather conditions in 2021. Similarly, production","by 10.5 per cent to 2.1 million tonnes."
