"List of Tables",""
"Table 1.1:","Key Economic Indicators for Selected OECD Countries, 2019-2022……………….. 16"
"Table 1.2:","Real GDP Growth, Inflation and Current Account Balances for Selected"
"","Regions and Countries, 2019-2022………………….......................................……… 19"
"Table 2.1:","Gross Domestic Product by Activity, 2017-2021………………….....…………………. 28"
"Table 2.2:","Contribution to Gross Domestic Product by Activity, 2017-2021………………...…….30"
"Table 2.3:","Gross Domestic Product by Activity, 2017-2021 ………………………………..………32"
"Table 2.4:","Growth Rate of Gross Domestic Product by Activity, 2017-2021……………..……… 33"
"Table 2.5:","Sources of Growth, 2017-2021…………………………………………………….…….. 34"
"Table 2.6:","Annual Production Accounts by Industry, 2017-2021…………………………………. 36"
"Table 2.7:","Expenditure on the Gross Domestic Product, 2017-2021………………………..…… 40"
"Table 2.8:","Expenditure on the Gross Domestic Product, 2017-2021…………………………….. 40"
"Table 2.9:","Expenditure on the Gross Domestic Product, 2017-2021…………………………….. 41"
"Table 2.10:","Expenditure on the Gross Domestic Product, 2017-2021…………………………….. 41"
"Table 2.11a:","Gross Fixed Capital Formation, 2017-2021………………………………...………….. 42"
"Table 2.11b:","Gross Fixed Capital Formation, 2017-2021…………………………………………….. 42"
"Table 2.12a:","Gross Fixed Capital Formation, 2017-2021…………………………………….....…… 43"
"Table 2.12b:","Gross Fixed Capital Formation, 2017-2021…………………………………………..… 43"
"Table 2.13:","Gross Domestic Product and Gross National Income, 2017-2021………………..…. 44"
"Table 2.14:","National Disposable Income and Saving, 2017-2021……………………...………….. 45"
"Table 2.15:","Gross Domestic Product by Activity………………….....……………………….……… 46"
"Table 2.16:","Gross Domestic Product by Activity…………………........…………………….………. 48"
"Table 2.17:","Gross Domestic Product by Activity…………………………………….………..……… 50"
"Table 3.1:","Total Recorded Employment1, 2017-2021……………………………....…......……… 54"
"Table 3.2:","Wage Employment by Industry and Sector, 2017-2021………………….....………….55"
"Table 3.3:","Wage Employment in the Public Sector, 2017-2021…………………….........………. 57"
"Table 3.4:","Wage Employment by Industry and Sex, 2020 and 2021……..............................…. 58"
"Table 3.5:","Wage Payments by Industry and Sector, 2017-2021…………………….....…...……. 59"
"Table 3.6:","Total Wage Payments in the Public Sector, 2017-2021……………......……...……… 61"
"Table 3.7:","Average Wage Earnings per Employee, 2017-2021………………………...………… 62"
"Table 3.8:","Wage Employment and Average Earnings, Percentage Changes,"
"","2021/2016 and 2021/2020………………….................................................................64"
"Table 3.9:","Estimated Real Average Wage Earnings per Employee, 2017-2021……………...... 66"
"Table 3.10:","Changes in Wage Employment, Prices and Real Earnings, 2017-2021………......…68"
"Table 3.11:","Persons Engaged in the Informal Sector by Activity, 2017-2021…………………….. 68"
