"6.30. Imports from Asia accounted for 65.7 per cent","expenditure on imported products from China."
"of the total import bill in 2021, with imports from this",""
"","6.32. Europe accounted for 16.5 per cent of the total"
"source having risen by 35.5 per cent to KSh 1,413.2",""
"","import bill in 2021 with imports valued at KSh 355.1"
"billion during the year under review, as presented",""
"","billion. This was a 14.8 per cent increase in imports"
"in Table 6.14. Imports from the Far East rose from",""
"","from the value recorded in the previous year. Imports"
"KSh 846.1 billion in 2020 to KSh 1,056.8 billion in",""
"","from the European Union constituted the bulk of"
"2021. Similarly, imports from the Middle East rose",""
"","imports from Europe at KSh 228.0 billion in 2021."
"from KSh 196.5 billion in 2020 to KSh 356.4 billion",""
"","The Netherlands, Germany, Italy, Belgium, Spain"
"in 2021. This increase was evident in majority of the",""
"","and Poland were some of the EU countries that re-"
"countries within these sub-regions. Expenditure on",""
"","corded increased imports with the value of imports"
"imported motor spirit premium, gas oil and other",""
"","from these sources jointly growing from KSh 139.8"
"refined petroleum products from the UAE rose from",""
"","billion in 2020 to KSh 158.8 billion in 2021."
"KSh 59.5 billion in 2020 to KSh 141.1 billion in 2020,",""
"resulting to a 93.5 per cent increase in total import",""
"","Increased imports of petroleum products from the"
"expenditure from this source. Similarly, increased",""
"","Netherlands and Belgium; and imports of structures"
"imports of refined petroleum products, specifically",""
"","such as bridge and bridge sections; and miscella-"
"automotive gas oil and jet fuel, from Saudi Arabia",""
"","neous chemical products from Spain partly resulted"
"drove the increase in imports from this source, from",""
"","to the increase in import expenditure from these"
"KSh 69.0 billion in 2020 to KSh 114.7 billion in 2021.",""
"","sources. Similarly, imports from the United Kingdom"
"Imports of crude palm oil from Malaysia accounted",""
"","rose from KSh 29.2 billion in 2020 to KSh 33.6 billion"
"for 66.6 per cent of total imports from this source in",""
"","in 2021 while those from Ukraine more than doubled"
"2021 and largely contributed to the marked increase",""
"","to KSh 19.3 billion in the same period. Alcoholic bev-"
"in imports from KSh 26.8 billion in 2020 to KSh 62.4",""
"","erages, motor vehicles; and paper and paperboard"
"billion in 2021.",""
"","were some of the commodities which recorded in-"
"","creased expenditure from the United Kingdom. A"
"6.31. China remained the single leading source of",""
"","marked increase in imports of wheat; and products"
"Kenya’s imports, accounting for 20.5 per cent of",""
"","of iron and steel from Ukraine drove the growth in"
"total imports valued at KSh 441.4 billion in 2021.",""
"","imports from this source in 2021."
"Increased imports of iron and steel; and assorted",""
"machinery and equipment resulted to the growth in",""
"","6.33. America accounted for 5.7 per cent of total"
"","imports valued at KSh 123.7 billion in 2021. Within"
"","this region, imports from the United States of America"
"","rose from KSh 56.3 billion in 2020 to KSh 84.2 billion"
"Expenditure  on 
imported  motor  spirit","in 2021. This was largely attributable to expenditure"
"premium, gas oil and other refined petroleum","on imported liquefied butanes, aircraft equipment"
"","and parts; and medicinal and pharmaceutical prod-"
"products from the UAE rose from KSh 59.5",""
"","ucts which jointly rose from KSh 20.4 billion in 2020"
"billion in 2020 to KSh 141.1 billion in 2020,",""
"","to KSh 44.9 billion in 2021. However, imports from"
"resulting to a 93.5 per cent increase in total",""
"","Canada declined for the second consecutive year"
"import expenditure from this source","to KSh 8.7 billion in 2021."
