"","Table 9.11(a): Physical Energy Supply Table, 2021","","","",""
"","","","","","TJ"
"INDUSTRIES","Industries","Households  Rest of the World","","Flows from the environment","Total"
"NATURAL INPUTS:","","","","",""
"Solar","","","","602.70","602.7"
"Wind","","","","7,145.27","7,145.3"
"Hydro","","","","13,229.96","13,230.0"
"Geo-Thermal","","","","18,133.37","18,133.4"
"Bagasse","","","","1.67","1.7"
"Biomass Wood","","","","381,355.5","381,355.5"
"Sub-total","-","-","-","420,468.5","420,468.5"
"IMPORTS:","","","","","-"
"Electricity","","","1,036.66","","1,036.7"
"Coal and Coke","","","4,017.70","","4,017.7"
"Motor Spirit Premium","","","6,557.64","","6,557.6"
"Aviation gasoline","","","5.41","","5.4"
"Jet fuel","","","2,535.47","","2,535.5"
"Illuminating Kerosene","","","28.83","","28.8"
"White spirit and special boiling","","","17.11","","17.1"
"point industrial spirits","","","","",""
"Light Diesel Oil","","","9,659.05","","9,659.0"
"Heavy Diesel Oil","","","0.09","","0.1"
"Other Gas Oils n.e.c","","","0.04","","0.0"
"Fuel oils n.e.c.","","","1,364.55","","1,364.6"
"Lubricating Oils","","","34.65","","34.7"
"Lubricating Greases","","","14.15","","14.1"
"Other petroleum oils n.e.c.","","","321.85","","321.8"
"Liquified Petroleum Gas (L.P.G)","","","1,564.25","","1,564.3"
"Sub-total","-","-","27,157.45","-","27,157.45"
"ENERGY PRODUCTS:","","","","","-"
"Electricity plants (Kengen)","29,449.8","","","","29,449.8"
"Electricity plants (Independent","13,962.2","","","","13,962.2"
"Power Producers (IPPs))","","","","",""
"Electricity plants (Off-grid))","244.3","","","","244.3"
"Oil refineries","","","","","-"
"Charcoal","236.67","29,134.90","","","29,371.6"
"Firewood","2,118.07","337,686.95","","","339,805.0"
"Sub-total","46,010.98","366,821.86","-","-","412,832.84"
"RESIDUALS:","","","","","-"
"Other","","12,178.92","","","12,178.9"
"TOTAL SUPPLY","46,011.0","379,000.8","27,157.4","420,468.5","872,637.7"
"1 Terajoule (TJ)=10^12 Joules","","","","",""
