"Enrolment in Teacher Training Institutions",""
"15.18.Table 15.12shows enrolment in teacher training colleges by year of","trainees accounted for 59.2 per cent of the total trainees, while pre-service"
"study and sex from 2017 to 2021. The public Teacher Training Institutions","teacher trainees accounted for 32.0 per cent of the total number of teacher"
"did not admit students in 2019 and 2020 for the P1 course due to the change","trainees.The number of teacher trainees in secondary diploma teacher training"
"of policy on qualification from certificate to diploma for teaching in primary","colleges went up by 18.9 per cent from 1,218 in 2020 to 1,448 in 2021, mainly"
"schools. During the year under review, the public Teacher Training Institutions","on account of an increase in the number of first-year trainees.The number"
"admitted pre-service diploma teacher trainees and those upgrading from P1","of female and male teacher trainees in diplomatraining institutionsincreased"
"to diploma. The total number of teacher trainees declined by 8.4 per cent","by 39.2and 2.2 per cent, respectively, in the review period."
"from 17,938 in 2020 to 16,429 in 2021.In 2021, number of upgrade teacher",""
