"billion in 2021. The share of private consumption","","","age points to stand at 19.6 per cent in 2021.","",""
"","Table 2.7: Expenditure on the Gross Domestic Product, 2017-2021","","","",""
"","","","","","Current Prices - KSh Million"
"Expenditure category","2017","2018","2019+","2020+","2021*"
"Government final consumption","1,046,433.6","1,153,405.5","1,246,013.1","1,336,975.5","1,466,387.1"
"expenditure","","","","",""
"Private final consumption expen-","6,495,722.0","7,099,419.0","7,818,862.0","7,988,961.5","9,023,553.0"
"diture","","","","",""
"Final consumption expenditure by","113,943.1","102,229.3","107,458.7","115,540.7","112,129.1"
"NPISH2","","","","",""
"Gross fixed capital formation","1,687,832.9","1,783,811.4","1,941,233.8","2,073,889.9","2,371,134.3"
"Changes in inventories","65,133.2","25,965.2","38,930.4","35,357.9","84,747.5"
"Gross domestic expenditure","9,409,064.7","10,164,830.3","11,152,498.0","11,550,725.5","13,057,950.9"
"Exports of goods and services","1,080,501.3","1,171,459.0","1,169,967.1","1,032,975.6","1,278,675.1"
"Imports of goods and services","1,973,102.0","2,042,984.6","2,081,480.4","1,885,418.3","2,431,743.0"
"Discrepancy1","-33,067.9","47,002.3","-3,257.7","17,751.2","193,316.9"
"Gross domestic product at mar-","8,483,396.0","9,340,307.0","10,237,727.0","10,716,034.0","12,098,200.0"
"ket prices","","","","",""
