"Composition of Exports",""
"6.23. As shown in Table 6.11, domestic exports","increase in domestic exports of non-durable consum-"
"rose by 17.5 per cent to KSh 666.7 billion in 2021","er goods, which accounted for 74.6 per cent of the"
"from KSh 567.4 billion in 2020. Food and beverag-","total value of domestic exports of consumer goods,"
"es category accounted for the largest proportion of","resulted to the 23.8 per cent increase in domestic"
"all domestic exports at 43.1 per cent, followed by","exports within this category from KSh 148.7 billion in"
"consumer goods at 27.6 per cent. Domestic exports","2020 to KSh 184.1 billion, in 2021.  In the category"
"of non-food industrial supplies increased from KSh","of fuel and lubricants, domestic exports of processed"
"134.9 billion in 2020 to KSh 170.0 billion in 2021,","motor spirit more than halved from KSh 12.5 million"
"occasioned by a significant increase in processed","in 2020 to KSh 6.2 million in the year under review."
"non-food industrial supplies. On the other hand, an",""
