"National Parks and Game Reserves",""
"12.17. Table 12.8 presents details on hotel bed-nights","The number of bed-nights occupancy by non-EAC"
"occupancy and type of catering offered in the accom-","residents more than doubled from 86.3 thousand in"
"modation facilities located in national parks and game","2020 to 174.1 thousand in 2021. Similarly, bed-nights"
"reserves from 2019 to 2021. Bed-nights occupancy","occupancy by EAC residents grew by 59.7 per cent"
"in tourist resorts located within the national parks","from 165.2 thousand in 2020 to 263.9 thousand in"
"and game reserves expanded by 74.2 per cent from","2021."
"251.5 thousand in 2020 to 438.0 thousand in 2021.",""
