"Road Traffic Accidents",""
"13.14. Table 13.6(a) presents the number of reported","from 3,975 in 2020 to 4,579 in 2021. The seriously"
"road accidents, persons injured and fatalities for the","injured persons in reported road accidents rose by"
"period 2017 to 2021. The number of reported traffic","25.2 per cent to 10,050 in 2021 from 8,026 in 2020,"
"accidents rose by 14.5 per cent from 8,919 in 2020","while those slightly injured rose by 20.7 per cent to"
"to 10,210 in 2021. Consequently, there was a 21.5","5,996 in 2021. The increased cases of road accidents"
"per cent increase in road accident casualties from","were attributed to speeding, over-loading, improper"
"16,970 in 2020 to 20,625 in 2021. The number of","over-taking and driving under the influence of alcohol."
"reported road users killed went up by 15.2 per cent",""
