"List of Acronyms and Abbreviations",""
"2G","Second Generation Network"
"3G","Third Generation Network"
"4G","Fourth Generation Network"
"ADNOC","Abu Dhabi National Oil Corporation"
"AFA","Agriculture and Food Authority"
"AfDB","African Development Bank"
"AG","Attorney General"
"AGOA","African Growth and Opportunity Act"
"AGPO","Access to Government Procurement Opportunities"
"AIA","Appropriation In Aid"
"AIDS","Acquired Immuno-Deficiency Syndrome"
"AM","Amplitude Modulation"
"AMEL","Aircraft Maintenance Engineers License"
"AMOS","Approved Maintenance Organizations"
"ANC","Ante-Natal Care"
"AOC","Air Operator  Certificate"
"ASEAN","Association of South Eastern Asia Nations"
"ASFR","Age Specific Fertility Rates"
"ASPs","Application Service Providers"
"ATCOs","Air Traffic Controllers"
"ATOS","Approved Training Organizations"
"ATPL","Air Transport  Pilot License"
"BEC","Broad Economic Category"
"BH","Boreholes"
"BOP","Balance of Payments"
"Bps","Bits per second"
"BTL","Bilateral Tubal Ligation"
"CAK","Communications Authority of Kenya"
"CBA","Collective Bargaining Agreement"
"CBC","Competency Based Curriculum"
"CBK","Central Bank of Kenya"
"CBR","Central Bank Rate"
"CDMA","Code Division Multiple Access"
"CDR","Crude Death Rate"
"CECM","County Executive Committee Members"
"CECs","County Executive Committees"
"CFS","Container Freight Station"
"CIF","Cost, Insurance & Freight"
"CIP","Census of Industrial Production"
"CIPI","Construction Input Price Indices"
"CMA","Capital Markets Authority"
"CMC","Cabin-Crew Member Certificate"
"COA","Certificate of Air Worthiness"
"COICOP","Classification of Individual Consumption by Purpose"
