"Electricity Supply","transactions coupled with the continued use of digital"
"2.9. The sector’s real Gross Value Added (GVA) is","platforms and services which picked up during the"
"estimated to have grown by 4.4 per cent in 2021","pandemic. The total number of mobile money and"
"compared to a contraction of 0.4 per cent in 2020.","commercial transfers increased by 31.7 per cent"
"This growth was mostly attributed to increase in total","and 35.0 per cent to stand at KSh 6.9 trillion and"
"electricity generated from 11,556.8 Gigawatt Hour","KSh 9.4 trillion, respectively in 2021. The number of"
"(GWh) in 2020 to 12,347.0 GWh in 2021.  Thermal","licensed internet service providers increased from"
"and wind generation increased by 58.3 per cent and","366 in 2020 to 420 in 2021. The total number of fixed"
"49.1 per cent to stand at 1,194.3 GWh and 1,948.8","and wireless internet subscriptions increased by 4.4"
"GWh, respectively in the review period. However,","per cent to stand at 46,355.0 thousand in 2021. Fibre"
"electricity generated from hydro declined by 13.2 per","to office subscription increased by 11.9 per cent while"
"cent to 3,675.0 GWh due to insufficient rains during","international telephone traffic increased by 1.3 per"
"the review period. Similarly, electricity generated","cent in the review period."
"from geothermal declined by 22.73 GWh to stand",""
"","Financial and Insurance Activities"
"at 5,037 GWh in 2021.  Electricity imports rose from",""
"","2.13.  Activities of financial and insurance were more"
"136.7 GWh in 2020 to 288.0 GWh in 2021 while",""
"","vibrant in 2021 than in 2020. The real GVA of the"
"exports increased by 10.3 per cent to 18.2 GWh in",""
"","sector expanded by 12.5 per cent in 2021 compared"
"the same period.",""
"","to 5.9 per cent growth in 2020. Most monetary and"
"Transportation and Storage","insurance indicators pointed to better performance of"
"2.10. Transportation and storage sector expanded","the sector in 2021. The financial sub sector grew by"
"by 7.2 per cent in 2021 compared to a contraction","8.2 per cent in 2021 compared to 4.4 per cent growth"
"of 7.8 per cent in 2020. The growth was largely","in 2020.  Broad money supply increased from KSh"
"supported by the relaxation of COVID-19 containment","3,990.9 billion as at December 2020 to KSh 4,235.2"
"measures which constrained activities in the sector","billion as at December 2021. Total domestic credit"
"for the better part of 2020.  Freight transport through","grew by 15.1 per cent from KSh 4,339.1 billion in"
"the Standard Gauge Railway (SGR) increased from","2020 to KSh 4,993.7 billion in 2021. Credit to national"
"4,411 thousand tonnes in 2020 to 5,407 thousand","government grew by 21.5 per cent to KSh 1,691.6"
"tonnes  in  2021  while  passengers  through  SGR","billion while credit to private sector grew by 8.6 per"
"increased  from  806  thousand  in  2020  to  1,933","cent to KSh 3,136.8 billion as at December 2021."
"thousand in 2021. Total cargo throughput at the","Overall liquidity expanded by 9.5 per cent in 2021"
"Mombasa port increased by 12.5 per cent to stand","to KSh 6,202.3 billion as at end of 2021."
"at 34,760.4 thousand tonnes in 2021.",""
"","2.14. Insurance sub-sector grew by 27.6 per cent"
"2.11. Impressive growth in the transportation sector","in 2021 compared to 11.7 per cent growth in 2020."
"was reflected in increase in consumption of light","The growth was evidenced by 16.2 per cent growth"
"diesel from 2,143.5 thousand metric tonnes in 2020","in net premium income to stand at KSh 246,660"
"to 2,288.0 thousand metric tonnes in 2021. Similarly,","million in 2021."
"passenger traffic by air increased by 46.7 per cent",""
"","Accommodation and Food Services"
"to 6.6 million in 2021 while the number of newly",""
"","2.15.The sector was boosted by the lifting of most of"
"registered motor vehicles increased from 94,128 in",""
"","the COVID-19 mitigation measures both overseas"
"2020 to 107,499 in 2021.",""
"","and domestically in 2021. As a result, the sector’s"
"Information and Communication","real GVA grew by 52.5 per cent in 2021 compared to"
"2.12. The sector recorded real GVA growth of 8.8","a contraction of 47.7 per cent in 2020. While still short"
"per cent in 2021 compared to a growth of 6.3 per","of pre-covid levels, the number of international visitor"
"cent in 2020. The growth was mainly supported","arrivals grew by 50.3 per cent from 579.6 thousand"
"by 
increase 
in  mobile  money  and  commerce","visitors in 2020 to 871.3 thousand visitors in 2021."
