"Table 8.5:","Quantity and Value of Fish Landed, 2017-2021…………….........................……….184"
"Table 8.6 (a):","Status of Forests 2017-2020…………………………………...………………………. 185"
"Table 8.6 (b):","Status of Forests, 2021…………………………………........................…………….. 186"
"Table 8.7:","Government Forest Plantation Stocking, 2017-2021………………………………....186"
"Table 8.8:","Recorded Sale of Government Forest Products, 2017-2021……………………..… 187"
"Table 8.9:","Quantity and Value of Mineral production, 2017-2021………………………….........188"
"Table 8.10:","Average Export Prices of Selected Minerals, 2017-2021 ………………………..…..189"
"Table 8.11(a):   Wildlife Population Estimates in the Kenya Rangelands, 2017-2021……………… 189",""
"Table 8.11(b):","Endangered Wildlife Population Estimates in Kenya, 2017-2021…………..……….190"
"Table 8.12:","Solid Waste Generation and Collection, 2017-2021…………………………………..190"
"Table 8.13:","Number of Environment Impact Assessments (EIAs) by Sector, 2017-2021…….…191"
"Table 8.14:","Number of Environmental Audits (EAs) by Sector, 2017-2021……………………… 191"
"Table 8.15:","Mean Annual Rainfall by Region, 2012-2021…………………………………….........193"
"Table 8.16:","Mean Annual Maximum and Minimum Temperatures by Region, 2012-2021…….. 194"
"Table 9.1:","Quantity and Value of Imports, Exports and Re-exports of Petroleum"
"","products, 2017-2021 ........................................................................................…….198"
"Table 9.2:","Petroleum Supply and Demand, 2017-2021…………………………..................….. 199"
"Table 9.3:","Net Domestic Sales of Petroleum Fuels by Consumer Category,  2017-2021…..... 200"
"Table 9.4:","Wholesale Prices of Petroleum Fuels in Mombasa, for the Month of"
"","December, 2017-2021……...................................................................................… 201"
"Table 9.5:","Average Murban ADNOC Prices, 2017-2021………………...............................….. 202"
"Table 9.6:","Average Retail Prices of Selected Petroleum Fuels, 2017-2021………….....…….. 203"
"Table 9.7(a):","Installed and Effective Capacity of Electricity by Source, 2017-2021…………….... 205"
"Table 9.7(b):","Generation and Imports of Electricity, 2017-2021…………………………............… 205"
"Table 9.7(c):","Licensed Captive Power Capacities, 2017-2021………………........................…… 206"
"Table 9.8:","Electricity Demand and Supply, 2017-2021……………………….......................…. 208"
"Table 9.9:","Average Electricity Yield by Customer Category, 2016/17-2020/21…......………… 208"
"Table 9.10 (a):   Energy Balance, 2021-Supply and Demand for Coke and Coal and",""
"","Non-Renewable Feed Stocks …………………….....................….......................…. 209"
"Table 9.10 (b):   Energy Balance, 2021-Supply and Demand for Electricity……………………….…. 210",""
"Table 9.10 (c):   Energy Balance, 2021-Supply and Demand of Petroleum Fuels………………..….. 211",""
"Table 9.11 (a):   Physical Energy Supply Table, 2021……………………........……………………….. 212",""
"Table 9.11 (b):   Physical Energy Use Table, 2021……………………...............……………………… 214",""
"Table 10.1:","Manufacturing Output, Compensation of Employees and Value"
"","Added at Current Prices, 2017 – 2021………………………………………......……..218"
"Table 10.2","Quantum Indices of Manufacturing Production, 2017- 2021…………………....……219"
