"* Provisional",""
"1 Institutions approved for collaboration with universities in offering university programmes",""
"15.24. The number of approved programmes by","a growth of 8.5 per cent from 667 in 2020 to 724 in"
"category of institution from 2017 to 2021 is shown","2021. During the review period, the total number"
"in Table  15.18. The  number  of  approved  public","of diploma programmes approved was 1,166, with"
"university programmes rose from 3,142 in 2020 to","private universities diploma programmes approved"
"3,148 in 2021.During the review period, public uni-","accounting for 60.4 per cent. Over the same period,"
"versities constituent colleges degree programmes","public universities certificate programmes approved"
"increased by 17.1 per cent to 144. The number of","contributed 57.4 per cent of the totalcertificate pro-"
"approved private university programmes registered","grammes."
