"","","","","","KSh Million"
"","2017","2018","2019","2020","2021*"
"PRIVATE SECTOR:","","","","",""
"Agriculture, forestry and fishing","87,915.3","98,220.6","109,613.1","105,614.7","111,496.4"
"Mining and quarrying","7,373.1","7,896.0","9,600.8","8,896.1","9,337.4"
"Manufacturing","139,106.8","154,247.0","174,362.8","164,038.0","178,783.5"
"Electricity, gas, steam and air conditioning","8,163.4","9,015.6","10,129.8","10,330.2","10,554.5"
"supply","","","","",""
"Water supply; sewerage, waste","1,079.2","1,449.5","1,658.4","1,589.2","1,694.5"
"management and remediation activities","","","","",""
"Construction","129,121.5","140,913.3","152,690.8","161,078.8","166,055.7"
"Wholesale and retail trade; repair of motor","169,098.0","192,234.7","219,873.4","218,416.2","228,761.1"
"vehicles and motorcycles","","","","",""
"Transportation and storage","90,105.8","99,258.8","111,084.2","87,980.3","98,559.6"
"Accommodation and food service activities","32,538.5","34,685.2","36,862.4","21,373.3","27,679.1"
"Information and communication","111,453.1","126,498.7","137,106.0","132,533.2","152,523.6"
"Financial and insurance activities","111,658.3","117,989.0","128,416.9","136,591.2","139,004.6"
"Real estate activities","1,187.6","1,277.1","1,359.2","1,199.9","1,336.3"
"Professional, scientific and technical","69,341.0","77,556.1","86,714.2","82,569.1","93,502.4"
"activities","","","","",""
"Administrative and support service activities","8,540.2","9,495.8","10,620.0","8,085.3","10,108.5"
"Public administration and defence;","-","-","-","-","-"
"compulsory social security","","","","",""
"Education","197,516.5","215,223.6","227,896.7","177,642.6","212,883.0"
"Human health and social work activities","84,684.5","96,890.5","111,236.9","109,037.2","114,980.9"
"Arts, entertainment and recreation","3,092.6","3,413.3","3,737.7","3,430.2","3,999.8"
"Other service activities","30,332.7","34,802.1","40,045.4","37,232.1","43,562.8"
"Activities of households as employers;","26,952.8","29,185.5","31,637.8","34,195.6","35,233.8"
"undifferentiated goods- and services-","","","","",""
"producing activities of households for own","","","","",""
"use","","","","",""
"Activities of extraterritorial organizations","4,036.4","4,484.4","4,838.7","5,113.3","5,229.8"
"and bodies","","","","",""
"TOTAL   PRIVATE SECTOR","1,313,297.3","1,454,737.0","1,609,485.1","1,506,946.7","1,645,287.3"
