"Table 2.8: Expenditure on the Gross Domestic Product, 2017-2021","","","","",""
"","","","","Percentage contribution to GDP",""
"Expenditure category","2017","2018","2019+","2020+","2021*"
"Government final consumption expenditure","12.3","12.3","12.2","12.5","12.1"
"Private final consumption expenditure","76.6","76.0","76.4","74.6","74.6"
"Final consumption expenditure by NPISH","1.3","1.1","1.0","1.1","0.9"
"Gross fixed capital formation","19.9","19.1","19.0","19.4","19.6"
"Changes in inventories","0.8","0.3","0.4","0.3","0.7"
"Gross domestic expenditure","110.9","108.8","108.9","107.8","107.9"
"Exports of goods and services","12.7","12.5","11.4","9.6","10.6"
"Imports of goods and services","23.3","21.9","20.3","17.6","20.1"
"Discrepancy","-0.4","0.5","0.0","0.2","1.6"
"Gross domestic product at market prices","100.0","100.0","100.0","100.0","100.0"
