"Table 2.1: Gross Domestic Product by Activity, 2017 - 2021","","","","",""
"","","","","Current Prices, KSh Million",""
"Industry","2017","2018","2019","2020+","2021*"
"Agriculture, forestry and fishing","1,772,490","1,897,475","2,135,709","2,424,075","2,713,414"
"Growing of crops","1,293,474","1,356,544","1,542,584","1,778,058","1,970,469"
"Animal production","314,308","341,275","354,712","384,595","431,442"
"Support activities to agriculture","19,403","22,643","24,236","25,361","30,952"
"Forestry & logging","102,617","125,979","156,606","172,949","199,836"
"Fishing & aquaculture","42,687","51,034","57,572","63,112","80,715"
"Mining and quarrying","71,675","68,909","72,769","76,327","91,849"
"Manufacturing","741,376","785,369","809,253","815,667","876,420"
"Manufacture of food, beverages and tobacco","424,039","452,182","467,200","469,123","499,155"
"Other manufacturing and repair and installa-","317,337","333,186","342,053","346,544","377,265"
"tion","","","","",""
"Electricity suppl","156,737","157,521","161,716","162,850","177,115"
"Water supply; sewerage, waste management","59,271","59,648","58,912","60,070","63,274"
"Construction","455,833","545,654","630,653","750,153","847,422"
"Wholesale and retail trade; repairs","713,561","762,968","837,918","866,502","957,839"
"Transportation and storage","862,956","1,056,264","1,202,830","1,151,833","1,383,555"
"Land transport","691,544","858,653","981,744","984,423","1,194,430"
"Air transport including support services","73,479","85,203","97,215","47,885","65,867"
"All other transport including postal and courier","97,933","112,407","123,871","119,525","123,259"
"activities","","","","",""
"Accommodation and food service activities","85,252","100,019","119,581","77,813","119,865"
"Information and communication","223,497","240,120","257,419","274,711","294,379"
"Telecommunications","147,279","157,667","171,633","191,898","205,747"
"Publishing, broadcasting, other IT and infor-","76,218","82,452","85,786","82,813","88,632"
"mation activities","","","","",""
"Financial and insurance activities","634,089","622,625","667,702","724,289","856,513"
"Financial activities","509,667","480,309","509,946","543,738","617,587"
