"1Terms of Trade is the ratio of Export Price Index to Import Price Index",""
"Quantum Indices",""
"6.9. Quantum indices for the period 2017 to 2021 are","6.10. The overall quantum index of imports rose"
"illustrated in Table 6.4. In 2021, the quantum index","from 109.3 in 2020 to 126.6 in 2021. This was due"
"of all exports went up by 6.2 per cent to 130.1. Simi-","to increase in quantum indices of all import com-"
"larly, the quantum index of non-oil exports increased","modity groupings except for animal and vegetable"
"by 6.3 per cent to 131.8 over the same period. The","oils and fats; and chemicals which declined by 4.3"
"growth was due to increase in quantum indices of","per cent and 14.1 per cent respectively. In addition,"
"all export commodity groups except food and live","the quantum index of non-oil import commodities"
"animals; mineral fuels; and machinery and transport","registered a 17.0 per cent increase to 122.0 in 2021."
"equipment which declined by 5.9, 7.5 and 23.2 per",""
"cent respectively, in 2021.",""
