"* Provisional",""
"1Produced by formal Millers",""
"10.12. In 2021, the Textiles sub sector recorded","boards. The Paper and Paper Products sub sector"
"a growth of 1.6 per cent mainly on account of an","recorded a growth of 10.4 per cent in the same period"
"increase in woven fabrics, knitting yarn and, sacks","because of an increase in volumes of cartons, boxes,"
"and bags.  Manufacture of Wearing Apparel sub","and cases by 4.8 per cent and exercise books by 24.6"
"sector  registered  a  5.0  per  cent  growth  in  the","per cent. Production of toilet papers and corrugated"
"period under review. The growth was supported","paper and paperboard each increased by 8.8 per"
"by production of shirts and, jersey, pullovers, and","cent. However, the production of labels of paper or"
"cardigans which increased by 17.0 per cent and","paperboard declined by 25.9 per cent."
"4.1 per cent, respectively. However, production of",""
"T-shirts, singlets and other vests dropped by 3.3 per","10.15. The Refined Petroleum Products sub sector"
"cent in the same period.","recorded a growth of 4.6 per cent in production in"
"","2021 on account of increase in the production of"
"10.13. Leather and Related Products sub sector grew","petroleum jelly. The Chemical and Chemical Products"
"by 15.6 per cent in 2021 mainly due to an increase of","sub sector registered a growth of 4.8 per cent in"
"30.5 per cent in finished leather. Similarly, production","2021 mainly due to increased production of industrial"
"of footwear with uppers of leather and those with","gases (which includes hydrogen, nitrogen, oxygen,"
"outer soles and uppers of rubber or plastic increased","carbon dioxide and rare gases) by 14.6 per cent. The"
"by 22.9 and 5.7 per cent, respectively during the","production of paints rose by 2.6 per cent in 2021."
"review period.","In the same year, the production of soap, cleaning"
"","preparations,  perfumes  and  toilet  preparations"
"10.14. The Wood and Products of Wood sub sector","increased  by  1.5  per  cent.  The  Pharmaceutical"
"recorded a growth in production of 10.2 per cent","Products sub sector declined by 0.8 per cent in 2021."
"in 2021 because of increase in production of block",""
