"1.3. Global trade volume increased by 9.3 per cent","chain disruptions. Unemployment rate declined to"
"in 2021 compared to a contraction of 8.2 per cent in","7.7 per cent in 2021 from 7.9 per cent in 2020 as a"
"2020, reflecting increased demand. Further, increase","result of reopening of businesses that were closed"
"in cross border service activities especially tourism","in 2020. Current account balance as a percentage of"
"and other service sectors supported the growth in","GDP widened from a surplus of 2.7 per cent in 2020"
"global trade.","to a 3.4 per cent  surplus in 2021, due to a relatively"
"","strong export demand in the review period."
"1.4. There was a modest increase in global employ-",""
"ment levels in 2021 due to reopening of businesses",""
"","United States of America"
"and increased number of working hours, following",""
"","1.8. The USA economy grew by 5.6 per cent in 2021"
"relaxation of COVID-19 restrictions. Unemployment",""
"","compared to a contraction of 3.4 per cent in 2020."
"rate improved from 6.6 per cent in 2020 to 6.2 per",""
"","The expansion was mostly attributed to strong con-"
"cent in 2021, while labour force participation in-",""
"","sumption growth and easing of supply disruption fol-"
"creased from 58.6 per cent in 2020 to 59.0 per cent",""
"","lowing relaxation of restriction measures put in place"
"in 2021.",""
"","to curb the spread of COVID-19. Inflation surged to"
"","3.9 per cent in 2021 from 1.2 per cent in 2020, mainly"
"","due to high energy prices, and increased housing"
"Regional Economic Analysis",""
"","and shipping rates. Unemployment rate declined to"
"","5.4 per cent during the review period, down from"
"Organization for Economic Co-operation and",""
"","8.1 per cent in 2020. The decline in unemployment"
"Development (OECD)",""
"","was attributed to increased labour participation in"
"1.5. Table 1.1 presents macroeconomic performance",""
"","sectors adversely affected by the pandemic such"
"of selected economies in the Organization for Eco-",""
"","as leisure and hospitality and transport and storage."
"nomic Co-operation and Development (OECD) bloc.",""
"","The current account balance as a percentage of GDP"
"The OECD bloc recorded a growth of 5.3 per cent",""
"","widened from a deficit of 2.9 per cent in 2020 to a"
"in 2021 compared to a contraction of 4.7 per cent",""
"","3.6 per cent deficit in 2021. This was mainly as a"
"in 2020.  The accelerated growth was attributed to",""
"","result of reduced surplus in primary income coupled"
"improved global demand due to reopening of inter-",""
"","with increased imports arising from strong demand."
"national borders during the review period.",""
"1.6. Overall inflation rose from 1.5 per cent in 2020",""
"","United Kingdom"
"to 3.5 per cent in 2021, mainly due to increased",""
"","1.9. The United Kingdom economy expanded by"
"energy and food prices, and supply shortages. Unem-",""
"","6.9 per cent in 2021 compared to a contraction of"
"ployment rate in the OECD eased to 6.2 per cent in",""
"","9.7 per cent in 2020 supported by strong private"
"2021 from 7.1 per cent reported in 2020, as a result",""
"","consumption. Inflation rose to 2.4 per cent in 2021"
"of increased employment by reopening businesses.",""
"","from 0.9 per cent in 2020, mainly due to increased"
"","energy prices, and supply and labour shortages."
"","The shortages were attributed to imposition of trade"
"Euro Area",""
"","and immigration restrictions following the exit of UK"
"1.7. Real GDP in the Euro Area expanded by 5.2",""
"","from EU single market.  Current account balance as"
"per cent in 2021 compared to a contraction of 6.5",""
"","a percentage of GDP widened from a deficit of 2.6"
"per cent in 2020. The growth was driven by lifting of",""
"","per cent in 2020 to a deficit of 2.8 per cent in 2021."
"COVID-19 containment measures that resulted in in-",""
"creased private consumption and investment. Private",""
"consumption was boosted by strong demand and a","Japan"
"","1.10. Japan’s economy expanded by 1.8 per cent"
"rise in labour compensation. Inflation increased to",""
"","in 2021 compared to a contraction of 4.6 per cent"
"2.4 per cent in 2021 from 0.3 per cent in 2020, mainly",""
"","in 2020.  The growth was supported by strong con-"
"attributed to an increase in energy prices and supply",""
