"Table 7.15: Area Planted, Area Harvested, Production and Average Yield of Sugarcane, 2017- 2021","","","","","",""
"","Unit","2017","2018","2019","2020","2021*"
"Area under cane","(‘000 Ha)","191.2","202.4","197.4","200.5","223.0"
"Area harvested","(‘000 Ha)1","67.7","73.1","71.9","89.8","92.4"
"Total Production","(‘000 Tonnes)","4,751.6","5,262.2","4,606.1","6,810.9","7,783.3"
"Production by non-contracted farmers","(‘000 Tonnes)","1,004.3","1,233.1","938.8","1,264.2","1,133.3"
"Average yield","(Tonnes/Ha)2","55.3","55.1","51.0","61.6","72.0"
