"","2017","2018","2019","2020","2021*"
"Fixed Telephony","","","","",""
"Fixed line Capacity (‘000)1","144","144","120","121","121"
"Total Connections","69,897","22,567","21,600","17,069","14,800"
"Wireline Connections","69,600","21,516","20,588","16,003","13,626"
"Wireless Connections1","297","1,047","1,012","1,066","1,174"
"Fixed voice over-IP subscriptions","643,109","127,915","48,794","49,577","46,296"
"Mobile Telephony","","","","",""
"Mobile Telephone Capacity (‘000)","70,000","85,950","88,700","96,700","96,030"
"Spectrum Offered for IMT systems","","","","",""
"Block < 1GHz","..","190","190","190","190"
"Block 1 GHz - 6 GHz","..","170","170","170","370"
"Total amount of  spectrum offered in MHz","..","360","360","360","560"
"Block < 1GHz","..","90","150","150","150"
"Block 1 GHz - 6 GHz","..","170","170","170","370"
"Total Spectrum Licensed for IMT systems","..","260","320","320","520"
"Connections (‘000)","42,815","49,502","54,556","61,409","65,085"
"Post Paid Subscriptions (‘000)+","1,415","1,241","1,289","1,242","1,329"
"Pre Paid Subscriptions (‘000)","41,401","48,261","51,557","60,167","63,756"
"Mobile Numbers Ported","2,575","1,916","1,088","1,437","1,081"
"Machine to machine (M2M) mobile subscriptions","..","..","..","..","1,124,396"
"Population Network Coverage","","","","",""
"Percentage of the population covered by a mobile-cellular","95","95","96","96","96"
"network","","","","",""
"Percentage of the population covered by at least a 3G mobile","85","86","93","94","95"
"network","","","","",""
"Percentage of the population covered by at least an LTE/","25","35","57","77","94"
"WiMAX mobile network","","","","",""
"Mobile Money","","","","",""
"Mobile Money Transfer Agents","182,472","205,745","224,108","264,390","292,301"
"Mobile Money Transfer Service Subscribers (‘000)","30,005","31,627","28,976","32,460","35,209"
"Total Deposits through Agents (KSh Billion)","2,194","2,464","2,584","3,231","4,666"
"Total Transfer from Subscriber to Subscriber (KSh Billion)","2,204","2,780","2,858","3,324","4,191"
"Total Transfers, (KSh Billion)","3,638","3,984","4,346","5,214","6,869"
"Number of Total Transactions ( Million)","1,543.2","1,739.6","1,839.1","1,863.3","2,165.5"
"Value of Mobile Commerce Transactions (KSh Billion)","3,246","6,077","6,957","9,392","15,324"
"Number of Mobile Commerce Transactions (‘000)2","1,400,715","2,098,627","2,237,837","-","-"
