"Quantities of Principal Imports",""
"6.13. Table 6.6 shows the quantities of principal im-","6.14. The volume of imported maize nearly doubled"
"ports for the period 2017 to 2021. The quantities of","from 273.5 thousand metric tonnes in 2020 to 486.5"
"imported cement clinkers declined from 2.0 million","thousand metric tonnes in 2021.  Similarly, quanti-"
"metric tonnes in 2020 to 1.1 million metric tonnes","ties of imported secondhand clothing increased by"
"in 2021, reflecting a 46.9 per cent decline. Other","50.9 per cent to 183.8 thousand metric tonnes in"
"commodities which exhibited notable declines in","2021 while quantities of imported paper and paper"
"imported quantities during the year include wheat","board rose by 14.1 per cent to 362.7 thousand metric"
"flour (87.6%), animal and vegetable fats and oils","tonnes in 2021."
"(23.3%), chemical fertilizers (9.3%); and insecticides",""
"and fungicides (25.8%).",""
