"Container Freight Stations","revitalized wagon ferry, and the Kisumu Shipyard"
"13.35. The number of Container Freight Stations","were launched to facilitate efficient repair and"
"(CFS) at the Port of Mombasa remained unchanged","rehabilitation of ships for use in Lake Victoria."
"at 16 in 2021. The CFS operates through the volume",""
"of containers handled. The number of TEUs handled","2. Likoni Floating Bridge"
"by the CFS dropped from 136,695 TEUs in 2020 to","During the period under review, the Likoni float-"
"131,979 TEUs in 2021.","ing bridge, the first of its kind in East Africa, was"
"","completed and operationalized.The bridge was"
"Developments in the Transport and Storage","constructed to alleviate congestion during peak"
"Sector","demand hours. The bridge serves an estimated"
"13.36. During the review period, the transport sector","traffic of 300,000 pedestrians and 6,000 vehicles"
"undertook policy and institutional reforms identified","across the channel via ferries daily."
"as critical for effective and efficient service delivery.",""
"The transport sector began the implementation of","3.  Construction of Second Container Terminal"
"the recommendations of the Transport Infrastructure","(CT2) Phase II"
"Gap Study.","Development of CT2 phase II is part of the Mom-"
"","basa Port Development Project (MPDP), one of"
"The objective of the study was to facilitate attainment","the Kenya Vision 2030 flagship projects aimed at"
"of a transport system that minimizes the need to trav-","expanding container handling capacity of Mom-"
"el and enable mobility to ensure that the economic","basa Port to remain competitive while boosting"
"needs of the people are met efficiently and cost effec-","the country’s economy. Construction of phase II,"
"tively. The study assessed the existing infrastructure","which is Berth 22, with an additional capacity of"
"supply and analyzed its adequacy with respect to","450,000 TEUs, commenced in August 2018 and"
"the projected growth and socio-economic needs of","is expected to be completed by May 2022. Upon"
"the country and developed an integrated national","completion it will increase the Port of Mombasa’s"
"transport strategy covering all transport modes and","annual capacity from the current 1.65 million TEUs"
"prepared a strategic infrastructure investment plan","to 2.2 million TEUs by 2022. The project is set to"
"for Kenya.","be completed in 2022."
"13.37. The strategy is intended to support all sectors","4.  Relocation of Kipevu Oil Terminal (KOT)"
"of the economy and enhance regional integration.","The project is about relocation of Kipevu Oil Ter-"
"This is to be achieved by fostering reliability across","minal for safety reasons and to increase handling"
"the transport network and prioritizing connection","capacity. The new KOT will have all facilities for"
"of marginalized resource deficit areas to resource","off-loading crude oil, refined petroleum, and LPG."
"surplus zones so as to enhance social inclusion and","Upon completion, the Authority will have a big-"
"food security.","ger terminal consisting of four berths capable of"
