"Economic Survey 2022","","","","","",""
"Table 3.13:  Average Gazetted Monthly Basic Minimum Wages in Urban Areas in 2020 and 2021","","","","","",""
"","","","","","","KSh"
"Occupation","","","All former Munic-","","",""
"","","Nairobi ,  Mombasa &","ipalities and Town","","",""
"","","","","","","All other towns"
"","","Kisumu Cities","Councils of Mavoko,","","",""
"","","","Ruiru and Limuru","","",""
"","2020","2021*","2020","2021*","2020","2021*"
"General labourer including cleaner, sweeper,","","","","","",""
"gardener, children’s ayah, house servant, day","13,572.88","13,572.88","12,522.72","12,522.72","7,240.96","7,240.96"
"watchman, messenger","","","","","",""
"Miner, stone cutter, turn boy .waiter, cook,","","","","","",""
"","14,658.84","14,658.84","13,005.67","13,005.67","8,366.35","8,366.35"
"logger, line cutter","","","","","",""
"Night watchman","15,141.95","15,141.95","14,037.98","14,037.98","8,636.30","8,636.30"
"Machine attendant, sawmill sawyer, machine","","","","","",""
"assistant, mass production machinist, shoe","","","","","",""
"","15,383.45","15,383.45","14,315.28","14,315.28","11,602.87","11,602.87"
"cutter, bakery worker, bakery assistant, tailor’s","","","","","",""
"assistant","","","","","",""
"Machinist (made-to-measure), shoe upper","","","","","",""
"preparer, chaplis maker, vehicle service worker","","","","","",""
"(petrol and service stations), bakery plant hand,","17,560.99","17,560.99","16,428.30","16,428.30","13,431.29","13,431.29"
"laundry operator, junior clerk, wheeled tractor","","","","","",""
"driver (light)","","","","","",""
"Printing machine operator, bakery machine","","","","","",""
"operator, plywood machine operator, sawmill","","","","","",""
"dresser, shop assistant, machine tool operator,","18,319.51","18,319.51","16,907.89","16,907.89","13,975.29","13,975.29"
"dough maker, table hand baker or confectioner,","","","","","",""
"copy -typist, driver (cars and light vans)","","","","","",""
"Pattern designer (draughts-man), garment and","","","","","",""
"dress cutter, single hand oven man, charge-","","","","","",""
"","20,904.92","20,904.92","19,112.05","19,112.05","16,295.95","16,295.95"
"hand baker, general clerk, telephone operator,","","","","","",""
"receptionist, storekeeper","","","","","",""
"Tailor, driver (medium sized vehicle)","23,039.42","23,039.42","21,175.14","21,175.14","18,881.21","18,881.21"
"Dyer, crawler tractor driver, salesman","25,435.20","25,435.20","23,731.79","23,731.79","21,418.48","21,418.48"
"Saw doctor, caretaker (buildings)","28,147.61","28,147.61","26,283.29","26,283.29","24,485.11","24,485.11"
"Cashier, driver (heavy commercial vehicle)","","","","","",""
"","30,627.45","30,627.45","28,822.13","28,822.13","27,023.96","27,023.96"
"salesman - driver","","","","","",""
"Ungraded artisan","18,319.51","18,319.51","16,907.89","16,907.89","3,975.29","13,975.29"
"Artisan Grade III","23,039.47","23,039.47","21,175.14","21,175.14","18,845.56","18,845.56"
"Artisan Grade II","24,884.06","24,884.06","23,731.79","23,731.79","21,418.48","21,418.48"
"Artisan Grade I","30,627.45","30,627.45","28,822.13","28,822.13","27,023.96","27,023.96"
"Average","21,310.85","21,310.85","19,798.61","19,798.61","16,841.40","16,841.40"
"Source:Ministry of Labour","","","","","",""
"1   Excluding Housing Allowance","","","","","",""
"","PAGE 70","","","","",""
