"Table 4.12: Gross Secondary Market Statistics, 2017–2021","","","","",""
"","2017","2018","2019","2020","2021 *"
"Equities Market","","","","",""
"Total No. of Shares Traded (million)","7,065.0","6,336.0","4,832.0","5,264.5","4,051.1"
"Total No. of Deals","284,982","305,597","247,815","263,907","277,611"
"Total Value of Shares Traded (KSh billion)","171.6","175.7","153.8","148.7","137.4"
"NSE 20 Share Index (Base Jan 1966=100)","3,712","2,801","2,654","1,868","1,903"
"Market Capitalization (KSh billion)","2,521.8","2,102.0","2,540.0","2,336.7","2,592.9"
"Fixed Income Securities Market","","","","",""
"Total bond Turnover (KSh billion)","435.9","562.7","651.7","691.8","957.0"
"“Capital Markets, Licensed/ approved Institutions”","","","","",""
"Securities Exchange (NSE)","1","1","1","1","1"
"Central Depositories (CDSC)","1","1","1","1","1"
"Investment Banks","13","13","16","15","15"
"Stockbrokers","9","9","10","9","9"
"Investment advisers","13","13","14","14","17"
"Fund Managers","27","27","24","24","26"
"Collective Investment Schemes","22","22","24","24","29"
"Authorized depositories/Custodians","14","14","19","18","20"
"Credit Rating Agencies","3","3","4","5","5"
"Real Estae Investment Trust(REIT) Managers","7","7","9","10","10"
"Real Estate Investment Trust (REIT) Trustees","3","3","3","3","3"
"Employee Share Ownership Plans (ESOPS)","13","13","16","14","14"
"Authorized Real Estate Investment Trusts","1","1","1","3","3"
"Authorised Securities Dealer","1","2","3","2","2"
"Non-Dealing Online Foreign Exchange Broker","..","1","2","4","6"
"Money Manager","..","..","1","1",".."
"Total","128","130","148","148","161"
