"* Provisional",""
"1Figures presented are only for projects for investors registered with the Authority",""
"Export Processing Zones",""
"10.30. The Export Processing Zones (EPZ) has","10.32. The total sales by EPZ enterprises increased"
"made  positive  contribution  to  the  economy  by","by 21.5 per cent to KSh 98.7 billion in 2021. The"
"improving business operating environment especially","value of local sales by EPZ enterprises increased"
"in textile, apparel, and leather sub sectors. Table","from KSh 6.2 billion in 2020 to KSh 7.3 billion in"
"10.11 shows selected key performance indicators","2021 while exports increased by 22.8 per cent to"
"under EPZ program from 2017 to 2021. The number","KSh 91.3 billion in 2021.  Imports increased by 26.5"
"of gazetted zones in 2021 stood at 82, out of which","per cent to KSh 47.4 billion in 2021 from KSh 37.5"
"76 were owned and operated privately while six were","billion in 2020."
"public.",""
"","10.33. The cumulative capital investment in form of"
"10.31. Employment in the EPZ enterprises expanded","equipment, machinery and infrastructure increased"
"by 18.2 per cent to 66.6 thousand persons in 2021","by 4.4 per cent to KSh 122.2 billion in 2021 from KSh"
"after  recording  a  contraction  in  2020.  Similarly,","117.0 billion in 2020. The growth was due to new"
"employment  of  Kenyans 
in 
these  enterprises","zones and enterprises commissioned in the year"
"increased by 17.0 per cent to 65.9 thousand persons","under review as well as expansion of the existing"
"in 2021.","ones."
