"Table 3.4:  Wage Employment by Industry and Sex, 2020 and 2021","","","","","",""
"","","","","","","`000"
"INDUSTRY","Male","","Female","","Total",""
"","2020","2021*","2020","2021*","2020","2021*"
"Agriculture, forestry and fishing","170.6","174.8","151.7","162.4","322.3","337.2"
"Mining and quarrying","12.3","12.5","2.1","2.2","14.4","14.7"
"Manufacturing","235.9","242.5","80.9","94.3","316.8","336.8"
"Electricity, gas, steam and air conditioning supply","17.7","17.4","4.8","4.7","22.5","22.1"
"Water supply; sewerage, waste management and reme-","11.1","11.5","3.5","3.6","14.6","15.1"
"diation activities","","","","","",""
"Construction","165.8","144.8","55.7","81.7","221.5","226.5"
"Wholesale and retail trade; repair of motor vehicles and","174.7","183.2","77.2","75.3","251.9","258.5"
"motorcycles","","","","","",""
"Transportation and storage","63.4","75.7","13.7","8.4","77.1","84.1"
"Accommodation and food service activities","33.7","37.1","17.8","26.3","51.5","63.4"
"Information and communication","75.4","91.5","43.7","42.5","119.1","134.0"
"Financial and insurance activities","42.6","40.7","35.0","37.1","77.6","77.8"
"Real estate activities","2.3","2.5","1.4","1.6","3.7","4.1"
"Professional, scientific and technical activities","46.2","52.7","17.5","17.2","63.7","69.9"
"Administrative and support service activities","3.6","4.3","1.2","1.5","4.8","5.8"
"Public administration and defence; compulsory social","209.8","220.3","101.5","109.5","311.3","329.8"
"security","","","","","",""
"Education","287.2","310.7","275.8","298.5","563.0","609.2"
"Human health and social work activities","65.4","69.9","83.4","84.2","148.8","154.1"
"Arts, entertainment and recreation","4.6","5.3","2.2","2.2","6.8","7.5"
"Other service activities","18.3","26.9","14.5","10.5","32.8","37.4"
"Activities of households as employers; undifferentiated","39.0","40.1","78.0","77.8","117.0","117.9"
"goods- and services-producing activities of households","","","","","",""
"for own use","","","","","",""
"Activities of extraterritorial organizations and bodies","1.0","1.0","0.4","0.4","1.4","1.4"
"TOTAL","1,680.6","1,765.4","1,062.0","1,141.9","2,742.6","2,907.3"
"Of which: Regular","1,385.9","1,456.4","889.8","942.0","2,275.7","2,398.5"
"Casual","294.7","308.9","172.2","199.9","416.9","508.8"
