"Values of Principal Exports",""
"6.15. Table 6.7 presents the value of principal do-","cent of the total domestic exports while tea accounted"
"mestic exports for the period 2017 to 2021. Domestic","for 19.6 per cent and was valued at KSh 130.9 billion,"
"exports were valued at KSh 666.7 billion in 2021","in 2021. Domestic exports of animal and vegetable"
"compared to KSh 567.4 billion in 2020, representing","oils continued to grow for the fifth consecutive year,"
"a 17.5 per cent increase. This was largely attributable","with earnings amounting to KSh 15.2 billion in 2021."
"to increases in earnings from horticultural products",""
"","6.16. In contrast, the value of domestic exports of"
"(21.8%); articles of apparel and clothing accessories",""
"","tobacco and tobacco manufactures registered a 16.4"
"(29.7%); animal and vegetable oils (47.3%); titanium",""
"","per cent decline from KSh 16.3 billion in 2020 to KSh"
"ores and concentrates (26.4%); and iron and steel",""
"","13.7 billion in 2021."
"(28.5%). Domestic exports of horticultural products,",""
"valued at KSh 165.7 billion, accounted for 24.8 per",""
