"coverage rate for 2021 was 86.0 per cent while the","billion in 2019/20."
"death registration coverage rate increased to 55.4",""
"","The number of passports issued increased by 24.8"
"per cent in 2021.",""
"","per cent to 273,328 in 2021 while work permits is-"
"","sued and those renewed, increased by 25.3 and"
"","5.1 per cent, respectively.  Similarly, the number of"
"Governance, Peace and Security",""
"","applications made for National Identity Cards al-"
"During the review period, the total number of crimes",""
"","most doubled from 648,573 in 2020 to 1,167,954 in"
"reported to police increased by 16.7 per cent to",""
"","2021. The number of registered refugees and asylum"
"81,272. Similarly, the total number of child protection",""
"","seekers grew from 504,854 in 2020 to 540,068 in"
"cases reported to the Department of Children Ser-",""
"","2021 while that of registered persons with disabilities"
"vices increased from 146,881 in 2020 to 191,766 in",""
"","increased from 542,152 as at 30th June 2020 to"
"2021 while cases related to Violence Against Children",""
"","552,019 as at 30th June 2021."
"(VAC) increased to 147,352 in 2021. In contrast, re-",""
"ported cases on child trafficking reduced from 2,523",""
"in 2020 to 1,976 in 2021. A total of 13.1 tonnes of",""
"","Gender and Development"
"dangerous drugs were seized in 2021 compared to",""
"","National Government expenditure on social services"
"10.9 tonnes in 2020.",""
"","is expected to decrease by 23.2 per cent from KSh"
"In 2020/21, number of cases filed in courts increased","64.3 billion in 2020/21 to KSh 49.4 billion in 2021/22."
"by 5.5 per cent to 362,332, while cases disposed of","Loan disbursements by the Women Enterprise Fund"
"increased from 293,996 in 2019/20 to 297,893 in","and the Uwezo Fund are expected to decrease by"
"2020/21. Murder cases that were concluded with a","4.6 per cent and 5.4 per cent to KSh 3.1 billion and"
"conviction increased from 33 in 2020 to 486 in 2021.","KSh 0.6 billion, respectively, in 2021/22. Disburse-"
"","ment by the Youth Enterprise Development Fund is"
"The total prison population increased by 85.8 per",""
"","expected to increase by 25.7 per cent to KSh 730"
"cent from 86,119 in 2020 to 160,021 in 2021. Total",""
"","million in 2021/22. Grants disbursed by the National"
"number of offenders serving probation sentence",""
"","Government Affirmative Action Fund are expected"
"increased from 4,730 in 2020 to 8,202 in 2021 while",""
"","to increase by 19.4 per cent to KSh 1.1 billion in"
"the total number of offenders under community ser-",""
"","2021/21. The total value of public procurement re-"
"vice increased from 15,666 in 2020 to 25,640 in the",""
"","served for youth, women and Persons with Disabil-"
"review period.",""
"","ities (PWD) groups is expected to increase by 25.0"
"","per cent from KSh 65.3 billion in 2020/21 to KSh"
"The Ethics and Anti-Corruption Commission (EACC)",""
"","81.6 billion in 2021/22."
"traced public assets worth KSh 5.1 billion in 2020/21",""
"compared to KSh 25.3 billion in 2019/20. During",""
"","The funds disbursed through Cash Transfers for"
"the same period, the Commission recovered public",""
"","Orphans and Vulnerable Children and Persons with"
"assets worth KSh 16.0 billion compared to KSh 12.1",""
"","Severe Disabilities Programs are expected to in-"
"","crease by 12.3 per cent and 46.0 per cent to KSh 7.9"
"","billion and KSh 1.2 billion, respectively, in 2021/22."
"","Disbursement of funds for the Hunger and Safety"
"In  2020/21,  number  of  cases  filed  in",""
"","Net Programme is also expected to increase by 28.8"
"courts  increased  by  5.5  per  cent  to",""
"","per cent to KSh 4.4 billion in 2021/22. However, dis-"
"362,332,  while 
cases  disposed  of","bursement of funds to Older Persons is expected to"
"","decrease by 9.0 per cent to KSh 16.7 billion during"
"increased from 293,996 in 2019/20 to",""
"","the same period."
"297,893 in 2020/21. Murder cases that",""
"were  concluded  with  a  conviction","The number of newly registered employers under"
"increased from 33 in 2020 to 486 in 2021","the National Social Security Fund (NSSF) decreased"
