"Table 9.10(b): Energy Balance, 2021-Supply and Demand for Electricity","","","","","","",""
"","","","","","","","TJ"
"Energy Products","","","","Power Generation","","","Electicial energy"
"","","","","","","","distribution"
"","","Hydro  Geothermal","Solar","Wind","Thermal","Co-Generation",""
"Domestic Production","13,229.96","18,133.37","602.70","7,145.27","4,543.26","1.67","43,656.24"
"Imports","","","","","","","1,036.66"
"Domestic Exports","","","","","","","65.60"
"Sub-total: Supply","","","","","","","44,627.30"
"Statistical differences","","","","","","","10,191.73"
"Sub-total: Demand","","","","","","","34,435.58"
"Sub-total: Energy","13,229.96","18,133.37","602.70","7,145.27","4,543.26","1.67","43,656.24"
"transformation","","","","","","",""
"Electricity plants (Kengen)","13,063.13","14,616.42","","206.66","1,563.57","","29,449.79"
"Electricity plants (Independent","166.83","3,516.95","602.03","6,938.61","2,736.08","1.67","13,962.16"
"Power Producers (IPPs)","","","","","","",""
"Electricity plants (Off-grid))","","","0.68","-","243.61","","244.29"
"Sub-total: Energy demand","","","","","","","34,435.58"
"Electricity:","","","","","","",""
"Domestic and Small","","","","","","","14,719.07"
"Commercial-IC","","","","","","",""
"Large and Medium","","","","","","","17,022.36"
"Commercial -IC","","","","","","",""
"Street Lighting-F","","","","","","","358.46"
"Rural electrification-F","","","","","","","2,335.69"
