"6.5. Net inflows in the financial account increased","increase in total exports was largely driven by a 17.5"
"from a surplus of KSh 289.5 billion in 2020 to a sur-","per cent increase in earnings from domestic exports,"
"plus of KSh 684.6 billion in 2021, largely attributable","which rose for the second consecutive year to KSh"
"to increased inflows to Portfolio and Other Invest-","666.7 billion in 2021. Imports, valued on cost, insur-"
"ment. There was a buildup of reserve assets by KSh","ance and freight (c.i.f), registered a significant growth"
"127.3 billion in 2021 from a drawdown of KSh 87.5","from KSh 1,643.6 billion in 2020 to KSh 2,151.2 bil-"
"billion in 2020, mainly as a result of increase in Spe-","lion in 2021. These increases led to an improvement"
"cial Drawing Rights (SDR) holdings.","in the volume of trade from KSh 2,287.3 billion in"
"","2020 to KSh 2,894.9 billion in 2021, while the trade"
"","deficit deteriorated from a deficit of KSh 999.9 billion"
"Balance of Trade","in 2020 to a deficit of 1,407.6 billion in 2021. Con-"
"6.6.Total exports increased by 15.5 per cent to KSh","sequently, the export to import cover ratio declined"
"743.7 billion in 2021, as shown in Table 6.1. This","from 39.2 per cent in 2020 to 34.6 per cent in 2021."
