"Figure 19.1:","Trend in Proportion of Older Population in Kenya, 1979-2019..............................434"
"Figure 20.1:","Overall Access to Financial Products  and Services, 2006-2021 (Per cent)..........438"
"Figure 20.2:","Financial Access by Type of Product or Service 2021...........................................439"
"Figure 20.3:","Financial Access by Type of Product or Service 2019...........................................439"
"Figure 20.4:","Formal Inclusion by Residents, 2006-2021 (Per cent)...........................................440"
"Figure 20.5:","Formal Inclusion by Sex, 2006-2021 (Per cent).....................................................440"
"Figure 20.6:","Use of Financial Services by Type of Provider, 2006-2021 (Per cent)...................442"
"Figure 20.7:","Usage of a Portfolio of Financial Service Providers, 2006-2021 (Per cent)...........443"
"Figure 20.8:","Usage of Traditional Banks vs Mobile Bank Account Usage, 2019 and 2021"
"","(Per cent)................................................................................................................443"
"Figure 20.9:","Overall Usage of Savings and Credit, 2006-2021 (Per cent).................................444"
"Figure 20.10:","Usage Pension, Insurance and Investment Providers, 2006-2021 (Per cent).......444"
