"9.7. Table 9.2 presents a breakdown of supply and","per cent to 0.8 thousand tonnes and 1.4 thousand"
"demand for petroleum products for the period 2017","tonnes, respectively, in 2021. Demand for Liquified"
"to 2021. Total domestic demand for petroleum prod-","Petroleum Gas (LPG) remained high, further increas-"
"ucts increased by 11.0 per cent to 5.2 million tonnes","ing by 13.9 per cent to 371.4 thousand tonnes while"
"in 2021. This was attributed to the increase in the","that of Illuminating Kerosene continued to decline"
"demand for jet fuel and fuel oil by 28.4 per cent and","to 111.3 thousand tonnes in 2021. This implies sus-"
"24.3 per cent, respectively in the review period as","tained use of LPG following continued government"
"a result of the opening up of the economy and re-","policy to promote use of clean energy. Net imports of"
"sumption of air travel across the world. In contrast,","petroleum fuel increased by 18.4 per cent from 4.9"
"demand for Heavy Diesel Oil and Aviation Spirit re-","million tonnes in 2020 to 5.8 million tonnes in 2021."
"corded significant decline of 55.5 per cent and 27.3",""
