"15.11. Table 15.6 presents the number of registered","cent in 2020. Number of registered candidates who"
"KCPE special needs candidates by type of disability","were blind increased by 35.1 per cent, while those"
"and sex from 2017 to 2021. The number of regis-","who were physically handicappedand those with"
"tered KCPE special needs candidates went up by","hearing impairment rose by 7.8 per cent and 9.1 per"
"6.5 per cent to 2,854 in 2021. The proportion of male","cent, respectively. The number of candidates with"
"candidates with special needs registered for KCPE","low vision declined by 4.1 per cent to 606, during"
"in 2021 was 55.5 per cent compared with 56.8 per","the review period."
