"Table 2.10: Expenditure on the Gross Domestic Product, 2017-2021","","","","",""
"","","","","Percentage Changes (growth)",""
"Expenditure category","2017","2018","2019+","2020+","2021*"
"Government final consumption expenditure","6.2","7.0","5.6","3.0","5.7"
"Private final consumption expenditure","4.8","5.1","5.0","-2.6","6.4"
"Final consumption expenditure by NPISH","11.4","-14.4","3.6","4.1","-8.4"
"Gross fixed capital formation","8.0","-0.4","4.5","2.5","10.9"
"Gross domestic expenditure","6.3","3.7","5.1","-0.9","7.5"
"Exports of goods and services","-1.0","6.8","-3.2","-8.8","12.9"
"Imports of goods and services","12.4","1.4","1.8","-9.2","18.9"
"Gross domestic product at market prices","3.8","5.6","5.2","-0.3","7.5"
