"Table 3.7: Average Wage Earnings per Employee, 2017- 2021","","","","",""
"","","","","","KSh"
"","2017","2018","2019","2020","2021*"
"PRIVATE SECTOR:","","","","",""
"Agriculture, forestry and fishing","303,399.8","333,781.6","369,443.3","376,329.8","377,630.0"
"Mining and quarrying","513,360.1","540,008.7","631,213.0","649,873.2","666,150.1"
"Manufacturing","438,168.1","480,058.2","529,912.1","558,307.6","570,371.5"
"Electricity, gas, steam and air conditioning supply","1,613,312.0","1,747,216.0","1,899,820.0","2,052,500.0","2,077,242.5"
"Water supply; sewerage, waste management","","","","",""
"","235,386.0","257,042.0","282,240.0","290,473.3","294,899.2"
"and remediation activities","","","","",""
"Construction","630,177.5","671,815.6","717,755.7","758,453.2","764,324.7"
"Wholesale and retail trade; repair of motor vehi-","","","","",""
"","678,269.3","742,485.4","821,477.7","874,784.6","892,517.3"
"cles and motorcycles","","","","",""
"Transportation and storage","1,308,364.8","1,398,523.7","1,502,417.0","1,517,948.8","1,536,129.7"
"Accommodation and food service activities","415,943.8","433,879.9","454,070.9","428,829.9","448,724.2"
"Information and communication","910,542.6","978,690.3","1,051,571.8","1,130,713.5","1,154,939.2"
"Financial and insurance activities","1,759,562.7","1,844,010.0","1,947,716.7","2,052,923.3","2,082,067.3"
"Real estate activities","281,424.2","294,540.4","310,382.7","323,347.9","327,360.3"
"Professional, scientific and technical activities","1,147,554.5","1,243,763.7","1,349,343.6","1,448,250.2","1,478,672.7"
"Administrative and support service activities","1,484,227.4","1,565,150.4","1,658,850.1","1,688,308.7","1,734,470.2"
"Public administration and defence; compulsory","","","","",""
"","-","-","-","-","-"
"social security","","","","",""
"Education","931,440.0","961,150.1","996,661.7","980,708.3","1,010,686.8"
"Human health and social work activities","828,851.1","896,968.5","970,509.8","1,052,848.4","1,077,155.3"
"Arts, entertainment and recreation","641,752.4","682,669.4","727,743.2","775,896.9","787,216.7"
"Other service activities","874,366.6","957,892.4","1,053,187.9","1,135,263.9","1,163,443.3"
"Activities of households as employers; undiffer-","233,630.7","251,955.3","271,769.4","292,280.0","298,895.5"
"entiated goods- and services-producing activities","","","","",""
"of households for own use","","","","",""
"Activities of extraterritorial organizations and","3,163,332.0","3,334,152.0","3,519,080.0","3,699,960.0","3,757,013.2"
"bodies","","","","",""
"TOTAL   PRIVATE SECTOR","670,327.7","721,230.1","780,072.9","811,030.1","829,234.9"
