"Education Loans",""
"15.25. The number of HELB loan applicants, bene-","15.26. The number of male loan applicants from"
"ficiaries and amount of loans awarded from 2016/17","public universities rose by2.5 per cent to 131.5"
"to 2020/21 academic years is presented in Table","thousand in 2020/21, in contrast to the number of"
"15.19. During the period under review, the number","female applicants which recorded a decrease of 1.3"
"of loan applicants declined by 3.2 per cent to 376.1","per cent to stand at 86.0 thousand over the same"
"thousand in 2020/21, mainlydue toa decline in num-","period.  The total number of loan beneficiaries from"
"ber of loan applicants from TVET institutions.The","public universities recorded a decline of 6.3 per"
"number of male loan applicants accounted for 58.1","cent to 198.2 thousand in 2020/21, with the num-"
"per cent of the total loan applicants in the review","ber of males’ and females’ beneficiaries decreasing"
"period. Total loan applicants from public universities","by 4.7 per cent and 8.7 per cent, respectively. The"
"increased from 215.4 thousand in 2019/20 to 217.4","amount of loans awarded to applicants from public"
"thousand in 2020/21 academic year. In 2020/21, the","universities went down by 9.4 per cent to KSh 8.6"
"total number of loan beneficiaries went down by 2.2","billion in 2020/21, with91.1 per cent of all applicants"
"per cent from 349.2 thousand in 2019/20 to 341.6","from public universities being awarded loans in the"
"thousand in 2020/21. Loans awarded to successful","2020/21 academic year."
"loan applicants decreased by 6.6 per cent from KSh",""
"","15.27. The total number of loan applicants from pri-"
"15.2 billionin 2019/20 to KSh 14.2 billion in 2020/21.",""
"","vate universities recorded a growth of 15.0 per cent"
"During the review period, the loans awarded to male",""
"","from38,241 in 2019/20 to 43,960 in 2020/21. Number"
"applicants accounted for 58.8 per cent of the total",""
"","of female loan applicants roseby 19.8 per cent com-"
"amount of loans awarded,while those awarded to",""
"","pared to that of male counterparts at 11.7 per cent"
"female applicants accounted for 41.2 per cent.",""
