"Electricity",""
"","9.16. Total effective capacity of electricity rose by"
"9.15. Table 9.7(a) presents information on installed",""
"","5.6 per cent to 2,857.6 MW due to significant rise"
"and effective capacity of electricity by source for",""
"","in Solar and Wind capacities in 2021. In addition,"
"the period 2017 to 2021. Total installed capacity of",""
"","thermal effective capacity declined by 71.8 MW to"
"electricity increased to 2,989.6 MW in 2021 from",""
"","643.7 MW in 2021. On the other hand, effective solar"
"2,836.7 MW in 2020. Geothermal installed capacity",""
"","capacity expanded by 120 MW to 172.2 MW in 2021."
"of electricity and co-generation remained unchanged",""
"","Effective capacity of co-generation and geothermal"
"at 863.1 MW and 2.0 MW, respectively in 2021. Solar",""
"","remained unchanged."
"capacity more than tripled to 172.5 MW while hydro",""
"capacity rose by 4.1 MW to 838.1 MW in 2021. How-",""
"ever, thermal capacity decreased from 749.1 MW in",""
"2020 to 677.8 MW in 2021.",""
