"Table 2.3: Gross Domestic Product by Activity, 2017-2021","","","","",""
"","","","","Constant 2016 Prices, KSh Million",""
"Industry","2017","2018","2019+","2020+","2021*"
"Agriculture, forestry and fishing","1,501,817","1,587,784","1,630,607","1,706,221","1,703,335"
"Growing of crops","1,061,320","1,129,072","1,163,210","1,229,553","1,211,234"
"Animal production","286,095","299,210","304,887","315,107","327,394"
"Support activities to agriculture","18,753","21,269","22,442","23,052","26,905"
"Forestry & logging","97,686","96,678","96,789","94,871","92,561"
"Fishing & aquaculture","37,963","41,554","43,280","43,638","45,242"
"Mining and quarrying","83,907","79,986","83,386","87,952","103,827"
"Manufacturing","712,807","738,305","757,794","754,617","807,003"
"Manufacture of food, beverages and tobacco","395,912","417,709","429,714","422,662","445,899"
"Other manufacturing and repair and installation","316,895","320,597","328,080","331,955","361,104"
"Electricity supply","150,627","156,679","159,673","159,039","166,028"
"Water supply; sewerage, waste management","56,323","57,743","58,473","60,489","64,381"
"Construction","413,717","438,962","470,526","517,977","552,076"
"Wholesale and retail trade; repairs","655,259","694,215","730,922","727,550","784,736"
"Transportation and storage","801,274","849,165","902,898","832,068","892,262"
"Land transport","636,887","670,319","712,945","691,962","737,142"
"Air transport including support services","70,189","74,769","77,514","35,585","41,973"
"All other transport including postal and courier activities","94,197","104,078","112,439","104,521","113,147"
"Accommodation and food service activities","76,883","88,863","101,584","53,114","81,004"
"Information and communication","223,445","241,178","257,959","274,200","298,324"
"Telecommunications","150,030","163,634","177,247","199,512","218,868"
"Publishing, broadcasting, other IT and information activities","73,415","77,544","80,712","74,687","79,455"
"Financial and insurance activities","612,981","629,731","680,556","721,033","811,390"
"Financial activities","493,036","497,023","535,249","558,781","604,388"
"Insurance activities","119,945","132,708","145,307","162,252","207,002"
"Real estate","753,420","802,728","856,588","891,574","951,352"
"Professional, scientific and technical activities","152,058","160,325","171,268","151,533","160,002"
"Administrative and support service activities","79,064","86,819","92,729","76,392","80,847"
"Public administration and defence","426,049","459,667","498,143","532,794","562,551"
"Education","367,395","392,401","414,661","376,301","456,962"
"Pre-primary and Primary education","177,217","193,608","199,687","182,827","217,733"
"General secondary education","96,613","102,370","110,715","94,116","126,567"
"Higher and other education","93,565","96,423","104,259","99,358","112,662"
"Human health and social work activities","166,956","176,043","185,702","196,367","208,193"
"Arts, entertainment and recreation","21,292","22,089","23,857","17,114","19,457"
"Other service activities","114,000","118,593","124,449","100,205","119,109"
"Activities of households as employers;","55,957","56,797","57,649","58,513","59,391"
"Financial Intermediation Services Indirectly Measured","-245,063","-254,198","-278,418","-273,442","-288,530"
"All economic activities","7,180,165","7,583,875","7,981,005","8,021,610","8,593,701"
"Taxes on products","705,356","747,016","775,941","713,430","797,982"
"GDP at market prices","7,885,521","8,330,891","8,756,946","8,735,040","9,391,684"
