"* Provisional",""
"Selected Aviation Industry Indicators",""
"13.29. Selected aviation indicators for the period","(COA) increased by 6.4 per cent to 782 in 2021. The"
"2017 and 2021 are presented in Table 13.13. There","number of Flight Dispatcher Licenses issued dropped"
"was a 2.7 per cent rise in the number of aviation","by 6.0 per cent from 317 in 2020 to 298 in 2021."
"personnel licenses from 11,495 in 2020 to 11,801 in",""
"","13.30. During the period under review, the total num-"
"2021. Private Pilot Licenses issued rose by 6.5 per",""
"","ber of CAA Inspectors and Air Traffic Controllers re-"
"cent to 1,783 in 2021 from 1,674 in 2020. Student",""
"","duced marginally from 286 in 2020 to 282 in 2021."
"Pilot Licenses went up marginally by 3.1 per cent",""
"","The number of Air Worthiness Inspectors dropped"
"to 3,337 in 2021. There was a slight increase in the",""
"","from 26 in 2020 to 23 in 2021, while the number of"
"number of Valid Operational Licenses from 1,340 in",""
"","personnel licensing rose from 9 in 2020 to 11 in 2021."
"2020 to 1,365 in 2021. The number of Air Operator",""
"","The number of flight operations went up from 21 in"
"Certificates (AOCs) dropped from 84 in 2020 to 78 in",""
"","2020 to 23 in 2021."
"2021. Aircrafts with Valid Certificate of Air Worthiness",""
