"2.21. The components of GDP valued at 2016 prices,","contraction reported in 2020, mainly occasioned by"
"that show how supply of resources generated in the","increase in the real private consumption and real"
"economy are utilized as either final consumption ex-","Gross Fixed Capital Formation (GFCF) in 2021. The"
"penditure or assets, are presented in Table 2.9 while","real value of exports and imports of goods and ser-"
"Table 2.10 shows the annual percentage changes for","vices recovered from a contraction of 8.8 per cent and"
"the period 2017-2021. Gross domestic expenditure","9.2 per cent to register growths of 12.9 per cent and"
"increased by 7.5 per cent in 2021 from 0.9 per cent","18.9 per cent, respectively during the review period."
