"2. Installed capacity refers to the maximum theoretical electric output a power station could produce when operating at 100 per cent",""
"3. Effective capacity refers to the maximum electric output a power station is expected to achieve given current operating constraints",""
"9.17. Details on local generation and imports of elec-","2021. Similarly, solar electricity generation increased"
"tricity for the period 2017 to 2021 are presented in Ta-","significantly due to the injection of Selenkei, Cedate"
"ble 9.7(b). Total electricity generation rose by 7.0 per","and Malindi power plants to the grid in the review"
"cent to 12,414.7 GWh in 2021, partly attributable to","period. Geothermal electricity generation decreased"
"the increase in Thermal electricity generation which","by 22.73 GWh to 5,037.0 GWh. However, hydro"
"rose by 67.3 per cent.  Wind electricity generation","electricity generation decreased by 13.2 per cent"
"rose by 653.44 GWh to 1,984.8 GWh as a result of","to 3,675.0 GWh in 2021. Electricity imports rose to"
"the addition of Kipeto Wind Power plant to the grid in","288.0 GWh in 2021."
