"FOOD BALANCE SHEET  2020 Population(‘000):48,465","","","","",""
"Products","DOMESTIC SUPPLY (1000 MT)","DOMESTIC UTILIZATION (1000 MT)","","","PER CAPUT SUPPLY"
"","Prod. 
Im-
Ex-
Stock 
Total","Pro-
Loss
Feed
Seed
Other","Food","YEAR","PER DAY"
"","ports
ports
chang-
D.S.","cessed
Uses","","PER","Calories Proteins Fats"
"","es","","","FOOD",""
"Grand total","","","","","2,233 
 71 
 29"
"Vegetal prod.","","","","","2,021 
 58 
 17"
"Animal prod.","","","","","211 
 13 
 12"
"Cereals (excl. beer)","4,878 
 3,274 
 121 
 70 
 7,960","175 
 185 
 572 
 83 
 226","6,719","139","1,031 
 27 
 9"
"Wheat and products","405 
 1,911 
 5 
 55 
 2,255","-   
 46 
 111 
 10 
 100","1,988","41","305 
 9 
 1"
"Barley and products","35 
 2 
 22 
 (50)
 65","60 
 1 
 -   
 1 
 -","3","0","1 
 -   
 -"
"Maize and products","3,789 
 339 
 9 
 111 
 4,008","69 
 79 
 429 
 63 
 123","3,244","67","515 
 14 
 7"
