"berthing four vessels of up to 170,000 DWTs at","2021 and the facility is well equipped to handle"
"once. Construction of this new KOT commenced","cargo operations and has so far received eleven"
"in 2018 and is expected to be completed by April","vessels. The project is expected to be completed"
"2022.","by April 2022."
"5.  Port of Lamu",""
"","Railway Transport"
"Construction of Lamu Port is a Vision 2030 flag-",""
"","13.39. The Kenya Railways undertook various con-"
"ship project identified by the Government of Ken-",""
"","struction and rehabilitation on the MGR network in"
"ya under the Lamu Port-South Sudan-Ethiopia",""
"","2021. During the review period, 23.35 Kilometres of"
"Transport Corridor (LAPSSET) comprising of 23",""
"","MGR railway line link between the Inland Container"
"berths of 400 metres each and a draft of -17.5",""
"","Depot (ICD) Naivasha and Longonot was construct-"
"meters creates capacity to handle New Panamax",""
"","ed. Rehabilitation projects included the 465 Kilo-"
"size of vessels of between 12,000 and 14,000",""
"","metres Longonot to Malaba line, 216.7 Kilometres"
"TEUs after acquisition of STSs. The construction",""
"","Nakuru to Kisumu line, 77.8 Kilometre Gilgil to Nya-"
"of phase 1 (first 3 berths) and yard is complete.",""
"","hururu line, 69.05 Kilometres Kisumu to Butere line"
"The first berth was operationalized on May 20,",""
"","and the 65 Kilometres Leseru to Kitale line."
