"to 2.6 thousand up from 2.0 thousand reported in","","registered the lowest EAs during the review period.","","",""
"","Table 8.14: Number of Environmental Audits (EAs) by Sector, 2017–2021","","","",""
"","","","","","Number"
"Sector","2017","2018","2019","2020","2021"
"Transport and Communication","2,241","1,489","1,973","426","114"
"Energy","1,353","1,510","1,558","923","854"
"Tourism","173","117","159","70","165"
"Mining and Quarrying","19","38","44","36","116"
"Human Settlements and Infrastructure","57","90","76","84","64"
"Agriculture and Forestry","58","65","104","63","366"
"Commerce and Industry","218","397","460","426","898"
"Water Resources","12","16","23","10","37"
"TOTAL","4,131","3,722","4,397","2,038","2,614"
