"in 2020 to KSh 2,405.4 billion in 2021. The private","In the pensions sub sector, assets of pension funds"
"sector wage bill went up by 9.2 per cent to stand at","increased by 10.6 per cent to KSh 1,547.4 billion in"
"KSh 1,645.3 billion in 2021 while the public sector","December 2021. Investments in Government secu-"
"wage bill rose by 6.8 per cent. The share of County","rities grew to KSh 707.0 billion, reflecting a growth"
"government wage payments to the total public sector","of 8.4 per cent. Assets of Deposit Taking Saccos"
"was 23.8 per cent in 2021. The overall annual av-","increased by 11.0 per cent to stand at KSh 700.3"
"erage earnings per employee in the modern sector","billion in 2021. There was an increase in deposits"
"increased by 2.3 per cent from KSh 808.9 thousand","and loans and advanced from KSh 431.1 billion and"
"in 2020 to KSh 827.4 thousand in 2021. The annual","KSh 450.8 billion in 2020 to KSh 540.6 billion and"
"inflation as measured by the Consumer Price Index","KSh 523.0 billion in 2021, respectively."
"(CPI) increased from 5.4 per cent in 2020 to 6.1 per",""
"cent in 2021.",""
"","Public Finance"
"","In 2021/22, the National Government total revenue"
"Money, Banking and Finance","including grants is expected to grow by 15.7 per cent"
"In 2021, the Central Bank of Kenya (CBK) lifted some",""
"","from KSh 1,815.1 billion in 2020/21 to KSh 2,100.7"
"measures that had been put in place in 2020 to miti-",""
"","billion. Total expense is expected to grow by 1.4 per"
"gate on effects of the Coronavirus 2019 (COVID-19)",""
"","cent to KSh 2,672.0 billion in 2021/22 with recurrent"
"pandemic including the guideline on loan restruc-",""
"","and development expenditures estimated at KSh"
"turing. The CBK adopted a conservative monetary",""
"","2,314.1 billion and KSh 358.0 billion, respectively."
"policy stance by maintaining the Central Bank Rate",""
"","The total stock of National Government debt was KSh"
"at 7.00 per cent throughout 2021.",""
"","7,188.1 billion as at end of June 2021, with external"
"","debt accounting for 53.5 per cent of the total debt. A"
"Broad money supply (M3) grew by 6.1 per cent to",""
"","total of KSh 1,094.0 billion is expected to be spent"
"KSh 4,235.2 billion while the overall liquidity grew by",""
"","on National Government debt servicing."
"10.4 per cent mainly due to a significant increase in",""
"Treasury Bills holdings. The 91-day Treasury Bill rate",""
"","The total County Government revenues are estimat-"
"rose to 7.26 per cent while the average commercial",""
"","ed to increase to KSh 466.6 billion in 2021/22 from"
"bank deposit rate increased to 6.50 per cent from",""
"","KSh 397.9 billion received in 2020/21, translating"
"6.30 per cent.",""
"","to a growth of 17.3 per cent. Counties are expected"
"","to raise a total of KSh 56.7 billion as own source"
"Total domestic credit growth decelerated by 15.1 per",""
"","revenue. Expenditure is expected to increase by"
"cent to KSh 4,993.8 billion in 2021 from a growth of",""
"","21.0 per cent from KSh 425.0 billion in 2020/21 to"
"18.5 per cent in 2020. The slow growth partly was",""
"","KSh 514.3 billion in 2021/22."
"due to lower credit extended to National Government.",""
"Credit to the private sector grew by 8.6 per cent",""
"at the end of 2021 to stand at KSh 3,136.8 billion.",""
"","International Trade and Balance of Payments"
"During the review period, net foreign assets declined",""
"","The gradual easing of the COVID-19 containment"
"by 20.9 per cent to KSh 592.3 billion as at end of",""
"","protocols resulted in the opening of economies cul-"
"December 2021.",""
"","minating in improved global trade in 2021 compared"
"","to 2020.  In Kenya, the volume of trade amounted to"
"In the capital markets, market capitalization and bond",""
"","KSh 2,894.9 billion in 2021 rising from KSh 2,287.3"
"turnover increased by 11.0 per cent and 38.3 per cent",""
"","billion in 2020. This was occasioned by a 30.9 per"
"to KSh 2,592.9 billion and KSh 957.0 billion in 2021,",""
"","cent growth in imports together with a 15.5 per cent"
"respectively. In the insurance sector, total assets",""
"","increase in total exports."
"of life insurance business grew by 14.0 per cent to",""
"KSh 564.8 billion. However, total assets under the",""
"","Expenditure on imports rose by 30.9 per cent to"
"general business declined by 0.3 per cent to KSh",""
"","KSh 2,151.2 billion in 2021, largely on account of"
"198.0 billion in 2021.",""
